Fecha,Longitud,Latitud,Temperatura,Humedad,eCo2,Aforo,Redes,SeÒal Detectada
2026-03-25 15:27:22,40.423592,-3.675763,23.42,33.52,400,AFORO BAJO,4,-43
2026-03-25 15:27:30,40.423592,-3.675763,23.43,33.1,400,AFORO BAJO,4,-42
2026-03-25 15:27:38,40.423592,-3.675763,23.43,32.67,400,AFORO BAJO,4,-40
2026-03-25 15:27:46,40.423592,-3.675763,23.43,32.52,420,AFORO BAJO,3,-53
2026-03-25 15:27:55,40.423592,-3.675763,23.44,32.49,425,AFORO BAJO,3,-28
2026-03-25 15:28:02,40.423592,-3.675763,23.42,32.38,430,AFORO BAJO,4,-34
2026-03-25 15:28:11,40.423592,-3.675763,23.53,32.26,435,AFORO BAJO,4,-36
2026-03-25 15:28:19,40.423592,-3.675763,23.57,31.98,430,AFORO BAJO,3,-35
2026-03-25 15:28:26,40.423592,-3.675763,23.52,31.62,570,AFORO BAJO,3,-21
2026-03-25 15:28:34,40.423592,-3.675763,23.46,31.27,510,AFORO BAJO,2,-24
2026-03-25 15:28:42,40.423592,-3.675763,23.41,31.07,480,AFORO BAJO,6,-16
2026-03-25 15:28:50,40.423592,-3.675763,23.38,30.85,470,AFORO BAJO,10,-15
2026-03-25 15:28:58,40.423592,-3.675763,23.52,31.28,565,AFORO BAJO,5,-37
2026-03-25 15:29:06,40.423592,-3.675763,23.88,33.21,820,AFORO MEDIO,3,-32
2026-03-25 15:29:14,40.423592,-3.675763,24.1,34.3,900,AFORO MEDIO,3,-41
2026-03-25 15:29:22,40.423592,-3.675763,24.2,34.21,880,AFORO MEDIO,2,-29
2026-03-25 15:29:30,40.423592,-3.675763,24.31,34.16,890,AFORO MEDIO,4,-26
2026-03-25 15:29:38,40.423592,-3.675763,24.39,34.14,950,AFORO MEDIO,4,-33
2026-03-25 15:29:46,40.423592,-3.675763,24.56,36.34,980,AFORO MEDIO,3,-25
2026-03-25 15:30:18,40.423592,-3.675763,25.2,36.35,900,AFORO MEDIO,3,-23
2026-03-25 15:30:26,40.423592,-3.675763,25.65,35.82,950,AFORO MEDIO,7,-23
2026-03-25 15:30:34,40.423592,-3.675763,26.03,35.23,880,AFORO MEDIO,3,-22
2026-03-25 15:30:42,40.423592,-3.675763,26.38,35.23,920,AFORO MEDIO,2,-29
2026-03-25 15:30:50,40.423592,-3.675763,26.66,34.59,970,AFORO MEDIO,2,-21
2026-03-25 15:30:58,40.423592,-3.675763,26.75,33.29,890,AFORO MEDIO,3,-21
2026-03-25 15:31:07,40.423592,-3.675763,26.53,31.96,910,AFORO MEDIO,3,-40
2026-03-25 15:31:14,40.423592,-3.675763,26.34,30.88,880,AFORO MEDIO,3,-34
2026-03-25 15:31:22,40.423592,-3.675763,26.16,30.08,860,AFORO MEDIO,2,-34
2026-03-25 15:31:30,40.423592,-3.675763,26.02,29.58,990,AFORO MEDIO,3,-30
2026-03-25 15:31:38,40.423592,-3.675763,25.95,29.23,870,AFORO MEDIO,2,-35
2026-03-25 15:31:46,40.423592,-3.675763,25.88,29.04,930,AFORO MEDIO,2,-29
2026-03-25 15:31:55,40.423592,-3.675763,25.88,29.34,1514,AFORO ALTO,3,-40
2026-03-25 15:32:02,40.423592,-3.675763,25.93,30.13,2447,AFORO ALTO,7,-48
2026-03-25 15:32:10,40.423592,-3.675763,26.12,31.56,1329,AFORO ALTO,6,-46
2026-03-25 15:32:18,40.423592,-3.675763,26.17,32.51,1077,AFORO ALTO,4,-34
2026-03-25 15:32:26,40.423592,-3.675763,26.2,32.48,1117,AFORO ALTO,3,-25
2026-03-25 15:32:36,40.423592,-3.675763,26.22,32.3,1700,AFORO ALTO,4,-33
2026-03-25 15:32:44,40.416862,-3.678279,26.26,32.49,1787,AFORO ALTO,5,-23
2026-03-25 15:32:50,40.416862,-3.678279,26.41,33.36,1067,AFORO ALTO,4,-24
2026-03-25 15:32:44,40.416862,-3.678279,26.26,32.49,1787,AFORO ALTO,5,-23
2026-03-25 15:32:50,40.416862,-3.678279,26.41,33.36,1067,AFORO ALTO,4,-24
2026-03-25 15:32:58,40.416862,-3.678279,26.65,35.19,980,AFORO MEDIO,2,-25
2026-03-25 15:33:06,40.416862,-3.678279,26.62,34.33,743,AFORO MEDIO,2,-24
2026-03-25 15:33:14,40.414436,-3.677397,26.47,32.96,817,AFORO MEDIO,2,-25
2026-03-25 15:33:22,40.414436,-3.677397,26.36,31.97,783,AFORO MEDIO,2,-35
2026-03-25 15:33:30,40.414436,-3.677397,26.26,31.2,789,AFORO MEDIO,2,-48
2026-03-25 15:33:38,40.414436,-3.677397,26.19,30.61,878,AFORO MEDIO,2,-46
2026-03-25 15:33:46,40.414436,-3.677397,26.09,30.17,787,AFORO MEDIO,3,-45
2026-03-25 15:33:54,40.414436,-3.677397,25.99,29.93,890,AFORO MEDIO,3,-44
2026-03-25 15:34:02,40.414436,-3.677397,25.96,29.86,987,AFORO MEDIO,3,-50
2026-03-25 15:34:10,40.414436,-3.677397,25.9,29.91,787,AFORO MEDIO,2,-41
2026-03-25 15:34:18,40.414436,-3.677397,25.89,30.08,789,AFORO MEDIO,3,-42
2026-03-25 15:34:26,40.414436,-3.677397,25.88,30.11,879,AFORO MEDIO,4,-44
2026-03-25 15:34:34,40.414436,-3.677397,25.83,30.01,794,AFORO MEDIO,3,-51
2026-03-25 15:34:44,40.414436,-3.677397,25.77,29.99,843,AFORO MEDIO,6,-43
2026-03-25 15:34:44,40.414436,-3.677397,25.77,29.99,656,AFORO BAJO,6,-43
2026-03-25 15:34:50,40.414436,-3.677397,25.77,30.08,567,AFORO BAJO,3,-43
2026-03-25 15:34:59,40.414436,-3.677397,25.77,30.07,563,AFORO BAJO,6,-41
2026-03-25 15:35:06,40.414436,-3.677397,25.74,29.94,532,AFORO BAJO,3,-36
2026-03-25 15:35:14,40.414436,-3.677397,25.88,31.46,523,AFORO BAJO,4,-49
2026-03-25 15:35:22,40.414436,-3.677397,26.17,35.46,456,AFORO BAJO,3,-55
2026-03-25 15:35:30,40.408081,-3.678573,26.43,42.08,496,AFORO BAJO,2,-58
2026-03-25 15:35:38,40.408081,-3.678573,26.36,42.75,532,AFORO BAJO,3,-39
2026-03-25 15:35:46,40.408081,-3.678573,26.25,39.54,612,AFORO BAJO,3,-48
2026-03-25 15:35:54,40.408081,-3.678573,26.11,36.71,634,AFORO BAJO,3,-43
2026-03-25 15:36:02,40.408081,-3.678573,25.92,34.63,539,AFORO BAJO,2,-35
2026-03-25 15:36:10,40.408081,-3.678573,25.88,33.63,553,AFORO BAJO,2,-52
2026-03-25 15:36:18,40.408081,-3.678573,25.75,32.75,408,AFORO BAJO,9,-36
2026-03-25 15:36:32,40.408081,-3.678573,25.64,32.09,434,AFORO BAJO,2,-43
2026-03-25 15:36:33,40.408081,-3.678573,25.64,32.09,467,AFORO BAJO,2,-43
2026-03-25 15:36:34,40.408081,-3.678573,25.52,31.69,434,AFORO BAJO,7,-45
2026-03-25 15:36:42,40.408081,-3.678573,25.43,32.59,456,AFORO BAJO,5,-26
2026-03-25 15:36:50,40.408081,-3.678573,25.42,34.71,489,AFORO BAJO,4,-24
2026-03-25 15:36:58,40.408081,-3.678573,25.35,34.49,490,AFORO BAJO,4,-46
2026-03-25 15:37:06,40.408081,-3.678573,25.51,34.79,547,AFORO BAJO,1,-42
2026-03-25 15:37:14,40.408081,-3.678573,26.13,42.95,752,AFORO MEDIO,2,-39
2026-03-25 15:37:22,40.408081,-3.678573,26.54,49.27,747,AFORO MEDIO,4,-36
2026-03-25 15:37:31,40.408081,-3.678573,26.6,45.27,744,AFORO MEDIO,3,-49
2026-03-25 15:37:38,40.408081,-3.678573,26.66,42.72,743,AFORO MEDIO,2,-50
2026-03-25 15:37:46,40.408081,-3.678573,26.64,41.63,781,AFORO MEDIO,1,-52
2026-03-25 15:37:54,40.408081,-3.678573,26.69,40.1,764,AFORO MEDIO,2,-56
2026-03-25 15:38:02,40.408081,-3.678573,26.75,38.82,809,AFORO MEDIO,6,-55
2026-03-25 15:38:10,40.408081,-3.678573,26.71,36.94,837,AFORO MEDIO,6,-68
2026-03-25 15:38:18,40.408081,-3.678573,26.91,36.58,792,AFORO MEDIO,4,-49
2026-03-25 15:38:26,40.408081,-3.678573,27.14,38.52,854,AFORO MEDIO,2,-51
2026-03-25 15:38:34,40.408081,-3.678573,27.29,38.42,889,AFORO MEDIO,5,-54
2026-03-25 15:38:42,40.408081,-3.678573,27.5,38.54,917,AFORO MEDIO,2,-59
2026-03-25 15:38:50,40.408081,-3.678573,27.56,38.75,944,AFORO MEDIO,2,-49
2026-03-25 15:38:58,40.408081,-3.678573,27.47,37.35,903,AFORO MEDIO,1,-42
2026-03-25 15:39:08,40.408081,-3.678573,27.42,35.26,958,AFORO MEDIO,1,-45
2026-03-25 15:39:08,40.408081,-3.678573,27.42,35.26,972,AFORO MEDIO,1,-45
2026-03-25 15:39:14,40.408081,-3.678573,27.19,33.41,931,AFORO MEDIO,2,-40
2026-03-25 15:39:22,40.408081,-3.678573,26.95,31.75,884,AFORO MEDIO,2,-40
2026-03-25 15:39:30,40.405697,-3.685549,26.73,30.46,947,AFORO MEDIO,2,-35
2026-03-25 15:39:38,40.405697,-3.685549,26.89,29.56,993,AFORO MEDIO,3,-40
2026-03-25 15:39:47,40.405697,-3.685549,27.01,29.15,812,AFORO MEDIO,3,-36
2026-03-25 15:39:56,40.405697,-3.685549,27.2,28.53,748,AFORO MEDIO,3,-32
2026-03-25 15:39:56,40.405697,-3.685549,27.2,28.53,793,AFORO MEDIO,3,-32
2026-03-25 15:40:03,40.405697,-3.685549,27.36,27.99,829,AFORO MEDIO,3,-45
2026-03-25 15:40:10,40.405697,-3.685549,27.41,27.57,764,AFORO MEDIO,4,-35
2026-03-25 15:40:18,40.405697,-3.685549,27.49,27.28,882,AFORO MEDIO,3,-44
2026-03-25 15:40:26,40.405697,-3.685549,27.65,27.33,817,AFORO MEDIO,4,-42
2026-03-25 15:40:34,40.405697,-3.685549,27.64,27.2,758,AFORO MEDIO,6,-40
2026-03-25 15:40:42,40.405697,-3.685549,27.67,27.14,903,AFORO MEDIO,3,-45
2026-03-25 15:40:50,40.405697,-3.685549,27.6,27.42,742,AFORO MEDIO,4,-44
2026-03-25 15:41:01,40.405697,-3.685549,27.69,27.78,831,AFORO MEDIO,2,-43
2026-03-25 15:41:01,40.405697,-3.685549,27.69,27.78,846,AFORO MEDIO,2,-43
2026-03-25 15:41:10,40.405697,-3.685549,27.66,27.65,779,AFORO MEDIO,3,-41
2026-03-25 15:41:10,40.405697,-3.685549,27.66,27.65,792,AFORO MEDIO,3,-41
2026-03-25 15:41:14,40.405697,-3.685549,27.7,27.73,914,AFORO MEDIO,2,-41
2026-03-25 15:41:22,40.405697,-3.685549,27.74,28.27,1161,AFORO ALTO,3,-42
2026-03-25 15:41:30,40.405697,-3.685549,27.76,28.5,1709,AFORO ALTO,2,-37
2026-03-25 15:41:38,40.408661,-3.690902,27.8,28.51,1864,AFORO ALTO,4,-33
2026-03-25 15:41:47,40.408661,-3.690902,27.79,28.47,1641,AFORO ALTO,2,-43
2026-03-25 15:41:48,40.408661,-3.690902,27.79,28.47,1641,AFORO ALTO,2,-43
2026-03-25 15:41:54,40.408661,-3.690902,27.84,28.65,1750,AFORO ALTO,3,-29
2026-03-25 15:42:06,40.408661,-3.690902,27.7,28.76,1678,AFORO ALTO,2,-47
2026-03-25 15:42:06,40.408661,-3.690902,27.7,28.76,1678,AFORO ALTO,2,-47
2026-03-25 15:42:22,40.408661,-3.690902,27.35,29.39,1522,AFORO ALTO,3,-35
2026-03-25 15:42:22,40.408661,-3.690902,27.35,29.39,1522,AFORO ALTO,3,-35
2026-03-25 15:42:22,40.408661,-3.690902,26.8,29.89,1725,AFORO ALTO,2,-38
2026-03-25 15:42:22,40.408661,-3.690902,27.35,29.39,1522,AFORO ALTO,3,-35
2026-03-25 15:42:26,40.408661,-3.690902,26.25,30.01,1187,AFORO ALTO,2,-34
2026-03-25 15:42:36,40.408661,-3.690902,25.79,29.97,1324,AFORO ALTO,2,-40
2026-03-25 15:42:37,40.408661,-3.690902,25.79,29.97,1311,AFORO ALTO,2,-40
2026-03-25 15:42:42,40.408661,-3.690902,25.44,29.82,1456,AFORO ALTO,3,-33
2026-03-25 15:42:55,40.408661,-3.690902,25.15,30.01,1357,AFORO ALTO,4,-34
2026-03-25 15:42:55,40.408661,-3.690902,25.15,30.01,1372,AFORO ALTO,4,-34
2026-03-25 15:42:59,40.408661,-3.690902,24.82,30.39,1124,AFORO ALTO,5,-32
2026-03-25 15:43:07,40.408661,-3.690902,24.51,30.41,1089,AFORO ALTO,3,-35
2026-03-25 15:43:15,40.408661,-3.690902,24.31,31.11,1197,AFORO ALTO,4,-35
2026-03-25 15:43:24,40.408661,-3.690902,24.13,32.23,1234,AFORO ALTO,2,-35
2026-03-25 15:43:31,40.408661,-3.690902,24.04,33.54,1098,AFORO ALTO,2,-41
2026-03-25 15:43:39,40.408661,-3.690902,23.94,34.82,1422,AFORO ALTO,3,-41
2026-03-25 15:43:47,40.408661,-3.690902,23.75,35.19,1184,AFORO ALTO,3,-39
2026-03-25 15:43:55,40.408661,-3.690902,23.64,35.14,1047,AFORO ALTO,1,-29
2026-03-25 15:44:03,40.408661,-3.690902,23.47,34.97,1138,AFORO ALTO,2,-37
2026-03-25 15:44:11,40.408661,-3.690902,23.39,34.86,1014,AFORO ALTO,3,-26
2026-03-25 15:44:19,40.408661,-3.690902,23.29,34.49,1287,AFORO ALTO,2,-27
2026-03-25 15:44:27,40.408661,-3.690902,23.32,34.57,1394,AFORO ALTO,2,-26
2026-03-25 15:44:35,40.408661,-3.690902,23.25,34.42,1027,AFORO ALTO,2,-28
2026-03-25 15:44:47,40.408661,-3.690902,23.18,34.0,1173,AFORO ALTO,3,-26
2026-03-25 15:45:47,40.408661,-3.690902,23.25,32.72,812,AFORO MEDIO,3,-40
2026-03-25 15:45:55,40.408661,-3.690902,23.28,33.05,947,AFORO MEDIO,5,-42
2026-03-25 15:46:03,40.408661,-3.690902,23.38,33.45,783,AFORO MEDIO,6,-39
2026-03-25 15:46:11,40.408661,-3.690902,23.41,33.73,864,AFORO MEDIO,4,-38
2026-03-25 15:46:19,40.408661,-3.690902,23.46,33.42,729,AFORO MEDIO,4,-33
2026-03-25 15:46:27,40.408661,-3.690902,23.67,33.95,901,AFORO MEDIO,4,-54
2026-03-25 15:46:35,40.408661,-3.690902,23.83,34.47,776,AFORO MEDIO,3,-47
2026-03-25 15:46:43,40.408661,-3.690902,24.0,35.17,932,AFORO MEDIO,3,-45
2026-03-25 15:46:52,40.408661,-3.690902,24.04,34.79,815,AFORO MEDIO,7,-28
2026-03-25 15:46:59,40.408661,-3.690902,24.19,35.14,974,AFORO MEDIO,8,-16
2026-03-25 15:47:07,40.408661,-3.690902,24.44,37.54,728,AFORO MEDIO,3,-19
2026-03-25 15:47:15,40.408661,-3.690902,24.59,39.15,889,AFORO MEDIO,4,-33
2026-03-25 15:47:23,40.408661,-3.690902,24.66,40.13,763,AFORO MEDIO,3,-25
2026-03-25 15:47:31,40.408661,-3.690902,25.08,41.62,944,AFORO MEDIO,3,-50
2026-03-25 15:47:39,40.408661,-3.690902,25.37,44.55,817,AFORO MEDIO,5,-26
2026-03-25 15:47:47,40.406242,-3.698581,25.45,45.3,903,AFORO MEDIO,5,-38
2026-03-25 15:47:55,40.406242,-3.698581,25.46,43.58,742,AFORO MEDIO,6,-33
2026-03-25 15:48:04,40.406242,-3.698581,25.47,41.58,711,AFORO MEDIO,7,-36
2026-03-25 15:48:11,40.406242,-3.698581,25.44,39.67,864,AFORO MEDIO,3,-32
2026-03-25 15:48:19,40.406242,-3.698581,25.53,38.32,958,AFORO MEDIO,4,-33
2026-03-25 15:48:27,40.406242,-3.698581,25.71,37.83,799,AFORO MEDIO,6,-35
2026-03-25 15:48:36,40.406242,-3.698581,25.96,38.87,934,AFORO MEDIO,5,-35
2026-03-25 15:48:43,40.406242,-3.698581,26.2,39.47,881,AFORO MEDIO,3,-34
2026-03-25 15:48:51,40.406242,-3.698581,26.25,38.03,764,AFORO MEDIO,4,-30
2026-03-25 15:48:59,40.406242,-3.698581,26.32,36.64,927,AFORO MEDIO,3,-40
2026-03-25 15:49:08,40.406242,-3.698581,26.48,38.73,743,AFORO MEDIO,2,-39
2026-03-25 15:49:15,40.406242,-3.698581,26.39,39.43,812,AFORO MEDIO,3,-26
2026-03-25 15:49:23,40.406242,-3.698581,26.27,36.94,701,AFORO MEDIO,4,-26
2026-03-25 15:49:31,40.406242,-3.698581,26.35,36.32,889,AFORO MEDIO,3,-25
2026-03-25 15:49:39,40.406242,-3.698581,26.2,36.4,734,AFORO MEDIO,2,-26
2026-03-25 15:49:47,40.406242,-3.698581,26.19,35.32,615,AFORO BAJO,3,-24
2026-03-25 15:49:56,40.406242,-3.698581,26.16,34.43,625,AFORO BAJO,2,-25
2026-03-25 15:50:03,40.406242,-3.698581,26.04,33.73,678,AFORO BAJO,2,-41
2026-03-25 15:50:11,40.406242,-3.698581,25.94,32.84,645,AFORO BAJO,6,-35
2026-03-25 15:50:19,40.406242,-3.698581,25.89,32.06,689,AFORO BAJO,2,-44
2026-03-25 15:50:27,40.406242,-3.698581,25.8,31.38,654,AFORO BAJO,9,-37
2026-03-25 15:50:35,40.406242,-3.698581,25.69,30.85,567,AFORO BAJO,2,-43
2026-03-25 15:50:43,40.406242,-3.698581,25.61,30.46,590,AFORO BAJO,6,-35
2026-03-25 15:50:51,40.406242,-3.698581,25.64,31.32,584,AFORO BAJO,2,-38
2026-03-25 15:50:59,40.406242,-3.698581,25.76,34.33,543,AFORO BAJO,3,-44
2026-03-25 15:51:07,40.406242,-3.698581,25.67,33.94,564,AFORO BAJO,2,-33
2026-03-25 15:51:15,40.406242,-3.698581,25.56,33.23,598,AFORO BAJO,3,-35
2026-03-25 15:51:23,40.406242,-3.698581,25.51,32.91,578,AFORO BAJO,4,-36
2026-03-25 15:51:31,40.406242,-3.698581,25.44,33.23,543,AFORO BAJO,3,-37
2026-03-25 15:51:39,40.406242,-3.698581,25.39,33.52,578,AFORO BAJO,8,-27
2026-03-25 15:51:47,40.406242,-3.698581,25.3,32.94,578,AFORO BAJO,4,-54
2026-03-25 15:51:55,40.406242,-3.698581,25.2,32.76,543,AFORO BAJO,2,-35
2026-03-25 15:52:03,40.406242,-3.698581,25.06,32.77,534,AFORO BAJO,2,-43
2026-03-25 15:52:12,40.406242,-3.698581,24.97,32.79,654,AFORO BAJO,5,-33
2026-03-25 15:52:19,40.406242,-3.698581,24.93,33.66,653,AFORO BAJO,3,-24
2026-03-25 15:52:27,40.406242,-3.698581,24.98,34.16,632,AFORO BAJO,4,-24
2026-03-25 15:52:35,40.405556,-3.705385,25.36,40.59,587,AFORO BAJO,3,-34
2026-03-25 15:52:43,40.405556,-3.705385,25.43,43.07,664,AFORO BAJO,2,-42
2026-03-25 15:52:51,40.405556,-3.705385,25.57,45.73,612,AFORO BAJO,5,-37
2026-03-25 15:53:00,40.405556,-3.705385,25.74,47.84,681,AFORO BAJO,2,-41
2026-03-25 15:53:07,40.405556,-3.705385,25.87,50.07,598,AFORO BAJO,2,-31
2026-03-25 15:53:16,40.405556,-3.705385,25.84,49.55,643,AFORO BAJO,5,-26
2026-03-25 15:53:23,40.405556,-3.705385,25.99,51.34,471,AFORO BAJO,4,-31
2026-03-25 15:53:31,40.405556,-3.705385,25.92,51.16,659,AFORO BAJO,3,-33
2026-03-25 15:53:39,40.405556,-3.705385,25.81,48.34,694,AFORO BAJO,4,-34
2026-03-25 15:53:47,40.405556,-3.705385,25.75,44.94,622,AFORO BAJO,6,-21
2026-03-25 15:53:55,40.405556,-3.705385,25.71,42.89,548,AFORO BAJO,4,-22
2026-03-25 15:54:04,40.405556,-3.705385,25.66,40.96,654,AFORO BAJO,7,-21
2026-03-25 15:54:11,40.405556,-3.705385,25.73,40.28,569,AFORO BAJO,4,-21
2026-03-25 15:54:20,40.405556,-3.705385,26.11,41.02,668,AFORO BAJO,3,-21
2026-03-25 15:54:27,40.405556,-3.705385,26.5,41.21,552,AFORO BAJO,3,-22
2026-03-25 15:54:35,40.405556,-3.705385,26.65,41.86,542,AFORO BAJO,3,-26
2026-03-25 15:54:43,40.405556,-3.705385,27.1,42.02,423,AFORO BAJO,2,-24
2026-03-25 15:54:52,40.405556,-3.705385,27.21,40.77,567,AFORO BAJO,2,-24
2026-03-25 15:54:59,40.405556,-3.705385,27.09,39.15,439,AFORO BAJO,2,-23
2026-03-25 15:55:07,40.405556,-3.705385,26.91,36.67,547,AFORO BAJO,2,-41
2026-03-25 15:55:15,40.405556,-3.705385,26.91,34.52,675,AFORO BAJO,3,-26
2026-03-25 15:55:23,40.405556,-3.705385,27.38,34.94,589,AFORO BAJO,6,-18
2026-03-25 15:55:31,40.407173,-3.712836,27.87,34.13,675,AFORO BAJO,6,-31
2026-03-25 15:55:40,40.407173,-3.712836,28.3,34.37,500,AFORO BAJO,4,-39
2026-03-25 15:55:47,40.407173,-3.712836,28.13,34.72,663,AFORO BAJO,7,-34
2026-03-25 15:55:55,40.407173,-3.712836,28.33,33.14,543,AFORO BAJO,4,-34
2026-03-25 15:56:04,40.407173,-3.712836,28.43,31.84,642,AFORO BAJO,8,-33
2026-03-25 15:56:11,40.407173,-3.712836,28.59,31.67,681,AFORO BAJO,9,-22
2026-03-25 15:56:20,40.407173,-3.712836,28.71,30.6,540,AFORO BAJO,6,-27
2026-03-25 15:56:28,40.407173,-3.712836,28.67,29.37,654,AFORO BAJO,11,-26
2026-03-25 15:56:36,40.407173,-3.712836,28.5,28.42,642,AFORO BAJO,14,-46
2026-03-25 15:56:44,40.407173,-3.712836,28.3,27.79,687,AFORO BAJO,16,-23
2026-03-25 15:56:51,40.407173,-3.712836,28.19,27.33,654,AFORO BAJO,9,-32
2026-03-25 15:57:00,40.407173,-3.712836,27.68,26.83,543,AFORO BAJO,10,-45
2026-03-25 15:57:08,40.407173,-3.712836,27.14,26.5,689,AFORO BAJO,4,-37
2026-03-25 15:57:16,40.407173,-3.712836,27.17,26.6,654,AFORO BAJO,5,-23
2026-03-25 15:57:23,40.407173,-3.712836,27.37,27.08,567,AFORO BAJO,5,-22
2026-03-25 15:57:32,40.41048,-3.717699,27.51,27.36,583,AFORO BAJO,4,-23
2026-03-25 15:57:40,40.41048,-3.717699,27.39,27.5,698,AFORO BAJO,4,-22
2026-03-25 15:57:47,40.41048,-3.717699,27.28,27.58,592,AFORO BAJO,5,-26
2026-03-25 15:57:55,40.41048,-3.717699,27.29,27.74,643,AFORO BAJO,4,-65
2026-03-25 15:58:04,40.41048,-3.717699,27.42,27.87,635,AFORO BAJO,9,-48
2026-03-25 15:58:11,40.41048,-3.717699,27.34,27.74,786,AFORO MEDIO,7,-48
2026-03-25 15:58:20,40.41048,-3.717699,27.22,28.05,819,AFORO MEDIO,3,-38
2026-03-25 15:58:27,40.41048,-3.717699,27.17,30.18,744,AFORO MEDIO,3,-33
2026-03-25 15:58:36,40.41048,-3.717699,27.06,30.72,781,AFORO MEDIO,3,-36
2026-03-25 15:58:44,40.41048,-3.717699,26.95,30.26,729,AFORO MEDIO,4,-33
2026-03-25 15:58:52,40.41048,-3.717699,26.86,29.86,764,AFORO MEDIO,3,-26
2026-03-25 15:58:59,40.41048,-3.717699,26.72,29.86,817,AFORO MEDIO,3,-32
2026-03-25 15:59:08,40.41048,-3.717699,26.77,32.36,903,AFORO MEDIO,2,-33
2026-03-25 15:59:16,40.41048,-3.717699,26.81,34.74,742,AFORO MEDIO,4,-23
2026-03-25 15:59:24,40.41048,-3.717699,26.82,34.69,889,AFORO MEDIO,1,-40
2026-03-25 15:59:31,40.41048,-3.717699,26.78,34.29,701,AFORO MEDIO,4,-25
2026-03-25 15:59:40,40.41048,-3.717699,26.77,34.18,934,AFORO MEDIO,3,-31
2026-03-25 15:59:49,40.41048,-3.717699,27.15,35.51,763,AFORO MEDIO,8,-25
2026-03-25 15:59:56,40.41048,-3.717699,27.06,35.3,927,AFORO MEDIO,4,-45
2026-03-25 16:00:04,40.41048,-3.717699,26.9,34.72,744,AFORO MEDIO,2,-35
2026-03-25 16:00:11,40.41048,-3.717699,26.79,34.33,812,AFORO MEDIO,2,-34
2026-03-25 16:00:20,40.41048,-3.717699,26.68,33.78,734,AFORO MEDIO,5,-22
2026-03-25 16:00:28,40.41048,-3.717699,26.53,33.08,889,AFORO MEDIO,3,-34
2026-03-25 16:00:36,40.41048,-3.717699,26.35,32.15,711,AFORO MEDIO,4,-18
2026-03-25 16:00:43,40.41048,-3.717699,26.39,32.39,958,AFORO MEDIO,4,-19
2026-03-25 16:00:52,40.41048,-3.717699,26.45,33.91,743,AFORO MEDIO,3,-19
2026-03-25 16:01:00,40.41048,-3.717699,26.53,34.57,987,AFORO MEDIO,4,-16
2026-03-25 16:01:08,40.41048,-3.717699,26.67,35.94,864,AFORO MEDIO,5,-15
2026-03-25 16:01:16,40.41048,-3.717699,26.86,37.09,728,AFORO MEDIO,2,-19
2026-03-25 16:01:23,40.41048,-3.717699,27.42,37.63,945,AFORO MEDIO,2,-14
2026-03-25 16:01:31,40.41048,-3.717699,27.38,37.37,880,AFORO MEDIO,2,-19
2026-03-25 16:01:40,40.41048,-3.717699,27.3,36.34,805,AFORO MEDIO,2,-13
2026-03-25 16:01:48,40.41048,-3.717699,27.17,35.34,822,AFORO MEDIO,2,-14
2026-03-25 16:01:56,40.41048,-3.717699,27.11,34.43,711,AFORO MEDIO,2,-14
2026-03-25 16:02:04,40.41048,-3.717699,27.11,34.16,764,AFORO MEDIO,2,-15
2026-03-25 16:02:12,40.41048,-3.717699,27.11,33.97,818,AFORO MEDIO,2,-14
2026-03-25 16:02:19,40.41048,-3.717699,26.92,33.39,734,AFORO MEDIO,3,-15
2026-03-25 16:02:28,40.41048,-3.717699,26.91,32.97,889,AFORO MEDIO,1,-34
2026-03-25 16:02:35,40.417305,-3.722903,27.14,32.28,698,AFORO BAJO,2,-21
2026-03-25 16:02:44,40.417305,-3.722903,26.99,32.45,625,AFORO BAJO,3,-25
2026-03-25 16:02:51,40.417305,-3.722903,27.02,36.96,612,AFORO BAJO,3,-23
2026-03-25 16:02:59,40.417305,-3.722903,26.91,37.23,589,AFORO BAJO,4,-31
2026-03-25 16:03:07,40.417305,-3.722903,26.68,35.18,597,AFORO BAJO,3,-21
2026-03-25 16:03:15,40.417305,-3.722903,26.85,37.42,634,AFORO BAJO,4,-35
2026-03-25 16:03:24,40.417305,-3.722903,26.56,38.75,689,AFORO BAJO,4,-51
2026-03-25 16:03:32,40.417305,-3.722903,26.67,36.54,578,AFORO BAJO,4,-33
2026-03-25 16:03:40,40.417305,-3.722903,26.35,34.6,532,AFORO BAJO,4,-36
2026-03-25 16:03:48,40.417305,-3.722903,26.09,33.26,587,AFORO BAJO,2,-38
2026-03-25 16:04:00,40.417305,-3.722903,25.74,32.36,623,AFORO BAJO,4,-44
2026-03-25 16:04:00,40.417305,-3.722903,25.74,32.36,573,AFORO BAJO,4,-44
2026-03-25 16:04:00,40.417305,-3.722903,25.74,32.36,423,AFORO BAJO,4,-44
2026-03-25 16:04:00,40.417305,-3.722903,25.74,32.36,489,AFORO BAJO,4,-44
2026-03-25 16:04:01,40.417305,-3.722903,25.74,32.36,623,AFORO BAJO,4,-44
2026-03-25 16:04:04,40.417305,-3.722903,25.52,31.71,632,AFORO BAJO,6,-47
2026-03-25 16:04:12,40.417305,-3.722903,25.24,31.15,621,AFORO BAJO,6,-40
2026-03-25 16:04:20,40.417305,-3.722903,24.98,30.9,623,AFORO BAJO,8,-41
2026-03-25 16:04:28,40.417305,-3.722903,24.82,30.85,632,AFORO BAJO,6,-38
2026-03-25 16:04:36,40.420723,-3.718304,24.65,30.8,621,AFORO BAJO,3,-26
2026-03-25 16:04:44,40.420723,-3.718304,24.56,30.72,634,AFORO BAJO,5,-33
2026-03-25 16:04:52,40.420723,-3.718304,24.42,30.62,532,AFORO BAJO,3,-42
2026-03-25 16:05:00,40.420723,-3.718304,25.01,37.61,567,AFORO BAJO,2,-33
2026-03-25 16:05:08,40.420723,-3.718304,25.25,45.33,743,AFORO BAJO,3,-23
2026-03-25 1446:05:16,40.420723,-3.718304,24.95,45.18,654,AFORO BAJO,3,-25
2026-03-25 16:05:24,40.420723,-3.718304,24.77,41.87,654,AFORO BAJO,4,-32
2026-03-25 16:05:32,40.420723,-3.718304,24.79,46.33,678,AFORO BAJO,3,-47
2026-03-25 16:05:40,40.420723,-3.718304,24.65,45.51,422,AFORO BAJO,4,-35
2026-03-25 16:05:48,40.420723,-3.718304,24.51,42.19,487,AFORO BAJO,6,-35
2026-03-25 16:05:56,40.420723,-3.718304,24.38,39.62,478,AFORO BAJO,3,-46
2026-03-25 16:06:04,40.420723,-3.718304,24.31,37.8,467,AFORO BAJO,2,-30
2026-03-25 16:06:12,40.420723,-3.718304,24.25,37.42,498,AFORO BAJO,4,-32
2026-03-25 16:06:20,40.420723,-3.718304,24.18,36.61,467,AFORO BAJO,2,-50
2026-03-25 16:06:28,40.420723,-3.718304,24.16,36.0,456,AFORO BAJO,3,-40
2026-03-25 16:06:36,40.420723,-3.718304,24.15,35.66,423,AFORO BAJO,2,-34
2026-03-25 16:06:44,40.420723,-3.718304,24.46,36.3,487,AFORO BAJO,3,-24
2026-03-25 16:06:52,40.420723,-3.718304,24.38,37.3,465,AFORO BAJO,3,-26
2026-03-25 16:07:00,40.420723,-3.718304,24.44,38.1,567,AFORO BAJO,4,-31
2026-03-25 16:07:08,40.420723,-3.718304,24.94,40.96,567,AFORO BAJO,4,-37
2026-03-25 16:07:16,40.420723,-3.718304,24.71,41.41,532,AFORO BAJO,4,-40
2026-03-25 16:07:24,40.420723,-3.718304,25.19,45.02,576,AFORO BAJO,4,-44
2026-03-25 16:07:33,40.422848,-3.711837,25.49,50.9,567,AFORO BAJO,6,-36
2026-03-25 16:07:41,40.422848,-3.711837,25.61,54.15,589,AFORO BAJO,3,-33
2026-03-25 16:07:49,40.422848,-3.711837,25.59,52.7,523,AFORO BAJO,2,-33
2026-03-25 16:07:57,40.422848,-3.711837,26.52,54.16,589,AFORO BAJO,2,-24
2026-03-25 16:08:05,40.422848,-3.711837,26.7,57.63,643,AFORO BAJO,3,-23
2026-03-25 16:08:13,40.422848,-3.711837,27.42,61.37,471,AFORO BAJO,2,-21
2026-03-25 16:08:21,40.422848,-3.711837,27.53,61.94,467,AFORO BAJO,3,-22
2026-03-25 16:08:29,40.422848,-3.711837,27.97,64.89,406,AFORO BAJO,3,-27
2026-03-25 16:08:37,40.422848,-3.711837,27.53,64.12,789,AFORO MEDIO,2,-24
2026-03-25 16:08:45,40.422848,-3.711837,27.14,58.3,753,AFORO MEDIO,2,-41
2026-03-25 16:08:54,40.422848,-3.711837,26.84,50.3,853,AFORO MEDIO,2,-36
2026-03-25 16:09:03,40.422848,-3.711837,26.53,44.27,852,AFORO MEDIO,2,-21
2026-03-25 16:09:10,40.422848,-3.711837,26.32,40.96,952,AFORO MEDIO,3,-17
2026-03-25 16:09:18,40.422848,-3.711837,26.43,40.89,876,AFORO MEDIO,2,-17
2026-03-25 16:09:26,40.422848,-3.711837,26.53,45.17,876,AFORO MEDIO,3,-20
2026-03-25 16:09:34,40.422848,-3.711837,26.57,46.62,987,AFORO MEDIO,3,-25
2026-03-25 16:09:44,40.422848,-3.711837,26.46,49.72,876,AFORO MEDIO,4,-23
2026-03-25 16:09:44,40.422848,-3.711837,26.46,49.72,789,AFORO MEDIO,4,-23
2026-03-25 16:09:50,40.422848,-3.711837,26.55,49.28,914,AFORO MEDIO,3,-27
2026-03-25 16:09:59,40.422848,-3.711837,26.95,53.58,945,AFORO MEDIO,4,-35
2026-03-25 16:10:06,40.422848,-3.711837,27.31,56.59,998,AFORO MEDIO,5,-22
2026-03-25 16:10:14,40.422848,-3.711837,27.11,55.9,934,AFORO MEDIO,8,-30
2026-03-25 16:10:22,40.422848,-3.711837,27.14,52.98,912,AFORO MEDIO,5,-36
2026-03-25 16:10:30,40.427715,-3.714003,26.91,50.29,897,AFORO MEDIO,8,-36
2026-03-25 16:10:38,40.427715,-3.714003,26.9,47.09,826,AFORO MEDIO,5,-39
2026-03-25 16:10:46,40.427715,-3.714003,26.98,47.57,963,AFORO MEDIO,6,-38
2026-03-25 16:10:54,40.427715,-3.714003,27.14,49.77,889,AFORO MEDIO,4,-43
2026-03-25 16:11:02,40.427715,-3.714003,27.34,52.36,934,AFORO MEDIO,3,-54
2026-03-25 16:11:10,40.427715,-3.714003,27.41,56.91,912,AFORO MEDIO,4,-51
2026-03-25 16:11:18,40.427715,-3.714003,27.41,56.11,967,AFORO MEDIO,3,-45
2026-03-25 16:11:26,40.427715,-3.714003,27.05,50.22,717,AFORO MEDIO,4,-41
2026-03-25 16:11:34,40.427715,-3.714003,26.83,45.58,723,AFORO MEDIO,4,-26
2026-03-25 16:11:42,40.427715,-3.714003,26.66,43.04,792,AFORO MEDIO,3,-33
2026-03-25 16:11:50,40.427715,-3.714003,26.64,42.29,876,AFORO MEDIO,4,-38
2026-03-25 16:11:58,40.427715,-3.714003,26.69,43.38,876,AFORO MEDIO,4,-45
2026-03-25 16:12:06,40.427715,-3.714003,26.67,44.85,735,AFORO MEDIO,4,-52
2026-03-25 16:12:14,40.427715,-3.714003,26.68,44.83,876,AFORO MEDIO,4,-44
2026-03-25 16:12:22,40.427715,-3.714003,26.67,43.89,872,AFORO MEDIO,6,-40
2026-03-25 16:12:30,40.427715,-3.714003,26.66,42.66,987,AFORO MEDIO,2,-38
2026-03-25 16:12:38,40.427715,-3.714003,26.57,40.9,789,AFORO MEDIO,2,-29
2026-03-25 16:12:46,40.427715,-3.714003,26.46,38.08,873,AFORO MEDIO,2,-37
2026-03-25 16:12:54,40.427715,-3.714003,26.57,39.0,782,AFORO MEDIO,2,-37
2026-03-25 16:13:02,40.427715,-3.714003,26.38,37.51,873,AFORO MEDIO,2,-37
2026-03-25 16:13:10,40.427715,-3.714003,26.62,39.98,744,AFORO MEDIO,3,-37
2026-03-25 16:13:18,40.427715,-3.714003,26.62,41.18,835,AFORO MEDIO,2,-34
2026-03-25 16:13:26,40.427715,-3.714003,26.73,42.27,783,AFORO MEDIO,4,-43
2026-03-25 16:13:34,40.427715,-3.714003,26.65,42.96,812,AFORO MEDIO,5,-39
2026-03-25 16:13:43,40.427715,-3.714003,26.63,42.04,729,AFORO MEDIO,2,-36
2026-03-25 16:13:50,40.427715,-3.714003,26.53,41.63,764,AFORO MEDIO,4,-36
2026-03-25 16:13:58,40.427715,-3.714003,26.41,40.68,817,AFORO MEDIO,2,-49
2026-03-25 16:14:06,40.427715,-3.714003,26.54,42.12,903,AFORO MEDIO,2,-39
2026-03-25 16:14:14,40.427715,-3.714003,26.64,43.93,742,AFORO MEDIO,3,-43
2026-03-25 16:14:22,40.427715,-3.714003,26.76,43.5,889,AFORO MEDIO,3,-18
2026-03-25 16:14:31,40.427715,-3.714003,26.83,42.97,934,AFORO MEDIO,3,-16
2026-03-25 16:14:38,40.433914,-3.718408,26.94,42.21,701,AFORO MEDIO,3,-19
2026-03-25 16:14:46,40.433914,-3.718408,26.82,40.07,743,AFORO MEDIO,2,-21
2026-03-25 16:14:55,40.433914,-3.718408,26.62,38.44,889,AFORO MEDIO,3,-36
2026-03-25 16:15:02,40.433914,-3.718408,26.82,36.34,711,AFORO MEDIO,3,-27
2026-03-25 16:15:10,40.433914,-3.718408,27.31,34.39,958,AFORO MEDIO,3,-32
2026-03-25 16:15:18,40.433914,-3.718408,27.69,32.71,864,AFORO MEDIO,3,-31
2026-03-25 16:15:26,40.433914,-3.718408,27.5,31.31,799,AFORO MEDIO,1,-42
2026-03-25 16:15:34,40.433914,-3.718408,27.31,30.36,934,AFORO MEDIO,4,-43
2026-03-25 16:15:42,40.433914,-3.718408,27.2,29.69,763,AFORO MEDIO,8,-35
2026-03-25 16:15:51,40.433914,-3.718408,26.9,29.19,812,AFORO MEDIO,2,-36
2026-03-25 16:15:58,40.433914,-3.718408,26.62,28.92,889,AFORO MEDIO,3,-34
2026-03-25 16:16:06,40.433914,-3.718408,26.34,28.76,711,AFORO MEDIO,4,-35
2026-03-25 16:16:14,40.433914,-3.718408,26.18,28.76,764,AFORO MEDIO,4,-33
2026-03-25 16:16:22,40.433914,-3.718408,25.97,28.82,958,AFORO MEDIO,6,-34
2026-03-25 16:16:30,40.433914,-3.718408,25.8,28.91,743,AFORO MEDIO,3,-33
2026-03-25 16:16:38,40.433914,-3.718408,25.82,29.01,889,AFORO MEDIO,2,-37
2026-03-25 16:16:46,40.433914,-3.718408,25.78,29.04,711,AFORO MEDIO,3,-30
2026-03-25 16:16:54,40.433914,-3.718408,25.53,29.02,764,AFORO MEDIO,2,-36
2026-03-25 16:17:02,40.433914,-3.718408,25.4,29.16,889,AFORO MEDIO,6,-35
2026-03-25 16:17:10,40.433914,-3.718408,25.27,29.33,734,AFORO MEDIO,2,-38
2026-03-25 16:17:18,40.433914,-3.718408,25.39,29.6,927,AFORO MEDIO,2,-35
2026-03-25 16:17:26,40.433914,-3.718408,25.33,29.79,743,AFORO MEDIO,2,-45
2026-03-25 16:17:34,40.433914,-3.718408,25.3,30.01,889,AFORO MEDIO,2,-45
2026-03-25 16:17:42,40.433914,-3.718408,25.36,30.26,711,AFORO MEDIO,5,-45
2026-03-25 16:17:50,40.433914,-3.718408,25.37,30.52,764,AFORO MEDIO,2,-44
2026-03-25 16:18:00,40.433914,-3.718408,25.34,30.59,889,AFORO MEDIO,2,-36
2026-03-25 16:18:00,40.433914,-3.718408,25.34,30.59,889,AFORO MEDIO,2,-36
2026-03-25 16:18:06,40.433914,-3.718408,25.42,30.46,734,AFORO MEDIO,2,-37
2026-03-25 16:18:14,40.433914,-3.718408,25.49,30.37,927,AFORO MEDIO,2,-45
2026-03-25 16:18:23,40.433914,-3.718408,25.4,30.25,743,AFORO MEDIO,5,-39
2026-06-08 17:57:02,40.448727,-3.716342,23.67,39.47,482,AFORO BAJO,1,-61
2026-06-08 17:57:10,40.448727,-3.716342,23.67,39.53,409,AFORO BAJO,2,-56
2026-06-08 17:57:18,40.448727,-3.716342,23.62,39.42,537,AFORO BAJO,2,-52
2026-06-08 17:57:26,40.448727,-3.716342,23.61,39.51,412,AFORO BAJO,2,-50
2026-06-08 17:57:34,40.448727,-3.716342,23.57,39.76,515,AFORO BAJO,2,-49
2026-06-08 17:57:42,40.448727,-3.716342,23.56,39.9,603,AFORO BAJO,1,-50
2026-06-08 17:57:50,40.448727,-3.716342,23.57,39.96,405,AFORO BAJO,2,-42
2026-06-08 17:57:58,40.448727,-3.716342,23.59,39.97,589,AFORO BAJO,2,-40
2026-06-08 17:57:59,40.448727,-3.716342,23.59,39.97,612,AFORO BAJO,2,-40
2026-06-08 17:58:06,40.448727,-3.716342,23.57,39.84,574,AFORO BAJO,2,-34
2026-06-08 17:58:14,40.448727,-3.716342,23.56,40.09,697,AFORO BAJO,2,-43
2026-06-08 17:58:22,40.448727,-3.716342,23.57,40.31,421,AFORO BAJO,2,-34
2026-06-08 17:58:30,40.443073,-3.719087,23.54,40.17,618,AFORO BAJO,1,-42
2026-06-08 17:58:38,40.443073,-3.719087,23.52,39.84,557,AFORO BAJO,1,-44
2026-06-08 17:58:46,40.443073,-3.719087,23.51,39.52,693,AFORO BAJO,2,-48
2026-06-08 17:58:54,40.443073,-3.719087,23.47,39.31,512,AFORO BAJO,1,-50
2026-06-08 17:59:02,40.443073,-3.719087,23.49,39.3,607,AFORO BAJO,1,-41
2026-06-08 17:59:10,40.443073,-3.719087,23.45,39.53,688,AFORO BAJO,2,-42
2026-06-08 17:59:18,40.443073,-3.719087,23.43,39.7,516,AFORO BAJO,2,-35
2026-06-08 17:59:26,40.443073,-3.719087,23.4,39.73,671,AFORO BAJO,1,-40
2026-06-08 17:59:34,40.443073,-3.719087,23.4,39.76,411,AFORO BAJO,1,-26
2026-06-08 17:59:42,40.443073,-3.719087,23.39,39.89,598,AFORO BAJO,1,-51
2026-06-08 17:59:50,40.443073,-3.719087,23.41,40.02,407,AFORO BAJO,1,-53
2026-06-08 17:59:58,40.443073,-3.719087,23.41,40.18,411,AFORO BAJO,1,-57
2026-06-08 18:00:06,40.443073,-3.719087,23.42,40.41,428,AFORO BAJO,1,-51
2026-06-08 18:00:14,40.443073,-3.719087,23.39,40.44,692,AFORO BAJO,1,-56
2026-06-08 18:00:22,40.443073,-3.719087,23.32,40.4,583,AFORO BAJO,2,-52
2026-06-08 18:00:30,40.443073,-3.719087,23.3,40.38,402,AFORO BAJO,3,-51
2026-06-08 18:00:38,40.443073,-3.719087,23.28,40.57,405,AFORO BAJO,2,-57
2026-06-08 18:00:46,40.443073,-3.719087,23.29,40.7,404,AFORO BAJO,6,-55
2026-06-08 18:00:54,40.443073,-3.719087,23.27,40.79,697,AFORO BAJO,5,-53
2026-06-08 18:01:02,40.443073,-3.719087,23.26,40.84,622,AFORO BAJO,7,-52
2026-06-08 18:01:10,40.443073,-3.719087,23.23,40.9,693,AFORO BAJO,2,-53
2026-06-08 18:01:18,40.443073,-3.719087,23.17,41.07,402,AFORO BAJO,1,-48
2026-06-08 18:01:26,40.443073,-3.719087,23.21,41.16,414,AFORO BAJO,2,-53
2026-06-08 18:01:34,40.437019,-3.718167,23.22,41.22,424,AFORO BAJO,1,-50
2026-06-08 18:01:42,40.437019,-3.718167,23.2,41.18,689,AFORO BAJO,1,-51
2026-06-08 18:01:50,40.437019,-3.718167,23.15,41.08,612,AFORO BAJO,1,-50
2026-06-08 18:01:58,40.437019,-3.718167,23.16,40.98,697,AFORO BAJO,2,-53
2026-06-08 18:02:06,40.437019,-3.718167,23.17,41.05,583,AFORO BAJO,1,-54
2026-06-08 18:02:14,40.437019,-3.718167,23.17,41.47,692,AFORO BAJO,1,-53
2026-06-08 18:02:22,40.437019,-3.718167,23.14,41.41,516,AFORO BAJO,1,-58
2026-06-08 18:02:30,40.437019,-3.718167,23.13,41.28,671,AFORO BAJO,1,-60
2026-06-08 18:02:38,40.437019,-3.718167,23.13,41.26,589,AFORO BAJO,3,-57
2026-06-08 18:02:46,40.437019,-3.718167,23.14,41.3,557,AFORO BAJO,3,-49
2026-06-08 18:02:54,40.437019,-3.718167,23.1,41.37,693,AFORO BAJO,1,-60
2026-06-08 18:03:02,40.437019,-3.718167,23.12,41.54,622,AFORO BAJO,1,-54
2026-06-08 18:03:10,40.437019,-3.718167,23.09,41.71,516,AFORO BAJO,3,-52
2026-06-08 18:03:18,40.437019,-3.718167,23.11,41.79,583,AFORO BAJO,2,-55
2026-06-08 18:03:26,40.437019,-3.718167,23.13,41.8,671,AFORO BAJO,2,-58
2026-06-08 18:03:34,40.437019,-3.718167,23.16,41.83,589,AFORO BAJO,2,-54
2026-06-08 18:03:42,40.437019,-3.718167,23.16,41.89,693,AFORO BAJO,2,-53
2026-06-08 18:03:50,40.437019,-3.718167,23.21,41.97,612,AFORO BAJO,3,-52
2026-06-08 18:03:58,40.437019,-3.718167,23.2,41.99,697,AFORO BAJO,1,-66
2026-06-08 18:04:06,40.437019,-3.718167,23.2,41.99,583,AFORO BAJO,2,-55
2026-06-08 18:04:14,40.437019,-3.718167,23.23,42.04,692,AFORO BAJO,3,-57
2026-06-08 18:04:22,40.437019,-3.718167,23.18,42.03,516,AFORO BAJO,3,-53
2026-06-08 18:04:30,40.437019,-3.718167,23.15,42.0,671,AFORO BAJO,2,-52
2026-06-08 18:04:38,40.437019,-3.718167,23.14,42.05,589,AFORO BAJO,1,-54
2026-06-08 18:04:46,40.437019,-3.718167,23.1,42.02,693,AFORO BAJO,1,-62
2026-06-08 18:04:54,40.437019,-3.718167,23.13,41.85,612,AFORO BAJO,2,-59
2026-06-08 18:05:02,40.437019,-3.718167,23.09,41.71,697,AFORO BAJO,3,-51
2026-06-08 18:05:10,40.437019,-3.718167,23.09,41.57,583,AFORO BAJO,2,-53
2026-06-08 18:05:18,40.437019,-3.718167,23.09,41.42,692,AFORO BAJO,1,-50
2026-06-08 18:05:26,40.437019,-3.718167,23.11,41.48,516,AFORO BAJO,1,-49
2026-06-08 18:05:34,40.437019,-3.718167,23.2,41.74,671,AFORO BAJO,1,-61
2026-06-08 18:05:42,40.432343,-3.718102,23.22,41.99,589,AFORO BAJO,4,-53
2026-06-08 18:05:50,40.432343,-3.718102,23.26,42.02,697,AFORO BAJO,4,-72
2026-06-08 18:05:58,40.432343,-3.718102,23.34,42.02,612,AFORO BAJO,3,-56
2026-06-08 18:06:07,40.432343,-3.718102,23.34,41.86,693,AFORO BAJO,3,-58
2026-06-08 18:06:14,40.432343,-3.718102,23.24,41.57,516,AFORO BAJO,4,-59
2026-06-08 18:06:22,40.432343,-3.718102,23.18,41.33,671,AFORO BAJO,4,-58
2026-06-08 18:06:30,40.432343,-3.718102,23.1,41.13,589,AFORO BAJO,3,-56
2026-06-08 18:06:38,40.432343,-3.718102,23.05,40.99,693,AFORO BAJO,1,-60
2026-06-08 18:06:46,40.432343,-3.718102,23.09,40.99,612,AFORO BAJO,1,-58
2026-06-08 18:06:54,40.432343,-3.718102,23.08,41.12,697,AFORO BAJO,2,-52
2026-06-08 18:07:05,40.432343,-3.718102,23.09,41.18,583,AFORO BAJO,2,-54
2026-06-08 18:07:10,40.432343,-3.718102,23.07,41.32,692,AFORO BAJO,2,-52
2026-06-08 18:07:18,40.431755,-3.716685,23.11,41.58,516,AFORO BAJO,2,-51
2026-06-08 18:07:26,40.431755,-3.716685,23.13,41.76,671,AFORO BAJO,6,-56
2026-06-08 18:07:34,40.431755,-3.716685,23.13,41.77,589,AFORO BAJO,3,-60
2026-06-08 18:07:42,40.430653,-3.71656,23.17,41.79,693,AFORO BAJO,4,-52
2026-06-08 18:07:50,40.430653,-3.71656,23.21,41.74,516,AFORO BAJO,9,-55
2026-06-08 18:07:58,40.430653,-3.71656,23.22,41.63,671,AFORO BAJO,3,-55
2026-06-08 18:08:06,40.430653,-3.71656,23.21,41.54,589,AFORO BAJO,2,-56
2026-06-08 18:08:14,40.430653,-3.71656,23.22,41.47,693,AFORO BAJO,2,-52
2026-06-08 18:08:22,40.430653,-3.71656,23.26,41.34,612,AFORO BAJO,2,-53
2026-06-08 18:08:30,40.430653,-3.71656,23.23,41.17,697,AFORO BAJO,2,-49
2026-06-08 18:08:38,40.430653,-3.71656,23.2,41.05,583,AFORO BAJO,1,-52
2026-06-08 18:08:46,40.430653,-3.71656,23.25,41.0,692,AFORO BAJO,1,-49
2026-06-08 18:08:54,40.429218,-3.715547,23.31,41.02,516,AFORO BAJO,2,-52
2026-06-08 18:09:02,40.429218,-3.715547,23.34,41.12,671,AFORO BAJO,2,-56
2026-06-08 18:09:10,40.429218,-3.715547,23.29,41.04,587,AFORO BAJO,2,-51
2026-06-08 18:09:18,40.429218,-3.715547,23.25,40.86,612,AFORO BAJO,3,-51
2026-06-08 18:09:26,40.429218,-3.715547,23.22,40.71,533,AFORO BAJO,2,-56
2026-06-08 18:09:34,40.429218,-3.715547,23.18,40.6,674,AFORO BAJO,1,-57
2026-06-08 18:09:42,40.429218,-3.715547,23.16,40.63,529,AFORO BAJO,2,-57
2026-06-08 18:09:50,40.429218,-3.715547,23.12,40.67,482,AFORO BAJO,1,-54
2026-06-08 18:09:58,40.429218,-3.715547,23.07,40.73,661,AFORO BAJO,2,-52
2026-06-08 18:10:06,40.429218,-3.715547,23.0,40.78,497,AFORO BAJO,2,-52
2026-06-08 18:10:14,40.429218,-3.715547,23.0,41.03,688,AFORO BAJO,2,-48
2026-06-08 18:10:22,40.429218,-3.715547,22.97,41.25,573,AFORO BAJO,1,-55
2026-06-08 18:10:30,40.429218,-3.715547,22.98,41.25,642,AFORO BAJO,2,-55
2026-06-08 18:10:38,40.429218,-3.715547,22.99,41.22,514,AFORO BAJO,2,-54
2026-06-08 18:10:46,40.429218,-3.715547,22.95,41.28,623,AFORO BAJO,2,-54
2026-06-08 18:10:54,40.429218,-3.715547,22.97,41.2,557,AFORO BAJO,2,-53
2026-06-08 18:11:02,40.429218,-3.715547,22.97,41.14,697,AFORO BAJO,2,-52
2026-06-08 18:11:10,40.42617,-3.713222,22.96,41.13,583,AFORO BAJO,3,-53
2026-06-08 18:11:18,40.42617,-3.713222,22.98,41.12,612,AFORO BAJO,1,-59
2026-06-08 18:11:26,40.42617,-3.713222,22.96,41.11,478,AFORO BAJO,3,-51
2026-06-08 18:11:34,40.42617,-3.713222,22.94,41.13,689,AFORO BAJO,3,-52
2026-06-08 18:11:43,40.42617,-3.713222,22.94,41.14,571,AFORO BAJO,1,-67
2026-06-08 18:11:50,40.42617,-3.713222,22.98,41.12,744,AFORO MEDIO,3,-65
2026-06-08 18:11:58,40.42617,-3.713222,22.93,40.92,812,AFORO MEDIO,3,-56
2026-06-08 18:12:06,40.42617,-3.713222,22.93,40.77,783,AFORO MEDIO,2,-52
2026-06-08 18:12:14,40.42617,-3.713222,22.87,40.81,729,AFORO MEDIO,3,-52
2026-06-08 18:12:26,40.42617,-3.713222,22.85,41.06,764,AFORO MEDIO,1,-54
2026-06-08 18:12:30,40.42617,-3.713222,22.86,41.46,817,AFORO MEDIO,3,-55
2026-06-08 18:12:38,40.42617,-3.713222,22.87,41.9,903,AFORO MEDIO,3,-53
2026-06-08 18:12:46,40.42617,-3.713222,22.91,42.02,742,AFORO MEDIO,3,-56
2026-06-08 18:12:54,40.42617,-3.713222,22.94,41.95,889,AFORO MEDIO,3,-52
2026-06-08 18:13:02,40.42617,-3.713222,23.0,41.87,934,AFORO MEDIO,3,-54
2026-06-08 18:13:10,40.42617,-3.713222,23.0,41.69,711,AFORO MEDIO,2,-53
2026-06-08 18:13:18,40.42617,-3.713222,23.03,41.52,764,AFORO MEDIO,2,-52
2026-06-08 18:13:26,40.42617,-3.713222,23.1,41.36,889,AFORO MEDIO,2,-50
2026-06-08 18:13:34,40.42617,-3.713222,23.2,41.19,743,AFORO MEDIO,2,-48
2026-06-08 18:13:42,40.423283,-3.711567,23.23,41.15,927,AFORO MEDIO,2,-49
2026-06-08 18:13:50,40.423283,-3.711567,23.24,41.17,743,AFORO MEDIO,2,-54
2026-06-08 18:13:58,40.423283,-3.711567,23.2,41.17,889,AFORO MEDIO,1,-59
2026-06-08 18:14:06,40.423283,-3.711567,23.2,41.16,711,AFORO MEDIO,2,-56
2026-06-08 18:14:14,40.423283,-3.711567,23.24,41.3,934,AFORO MEDIO,1,-54
2026-06-08 18:14:22,40.423283,-3.711567,23.25,41.42,763,AFORO MEDIO,2,-49
2026-06-08 18:14:30,40.423283,-3.711567,23.29,41.41,812,AFORO MEDIO,1,-50
2026-06-08 18:14:38,40.423283,-3.711567,23.36,41.28,958,AFORO MEDIO,2,-48
2026-06-08 18:14:46,40.423283,-3.711567,23.42,41.15,734,AFORO MEDIO,1,-49
2026-06-08 18:14:55,40.423283,-3.711567,23.45,41.04,889,AFORO MEDIO,2,-47
2026-06-08 18:15:02,40.423283,-3.711567,23.46,40.96,743,AFORO MEDIO,1,-54
2026-06-08 18:15:10,40.423283,-3.711567,23.47,40.98,927,AFORO MEDIO,1,-56
2026-06-08 18:15:18,40.423256,-3.711922,23.52,41.11,764,AFORO MEDIO,2,-57
2026-06-08 18:15:26,40.423256,-3.711922,23.5,41.16,889,AFORO MEDIO,1,-52
2026-06-08 18:15:34,40.423256,-3.711922,23.5,41.18,711,AFORO MEDIO,2,-64
2026-06-08 18:15:42,40.423275,-3.711987,23.52,41.17,934,AFORO MEDIO,2,-58
2026-06-08 18:15:50,40.423275,-3.711987,23.55,41.15,743,AFORO MEDIO,2,-55
2026-06-08 18:15:58,40.423275,-3.711987,23.57,40.96,889,AFORO MEDIO,2,-53
2026-06-08 18:16:06,40.423275,-3.711987,23.62,40.85,764,AFORO MEDIO,2,-51
2026-06-08 18:16:14,40.423283,-3.712258,23.64,40.61,927,AFORO MEDIO,2,-53
2026-06-08 18:16:22,40.423283,-3.712258,23.69,40.41,743,AFORO MEDIO,2,-69
2026-06-08 18:16:30,40.423283,-3.712258,23.69,40.28,889,AFORO MEDIO,2,-56
2026-06-08 18:16:38,40.423283,-3.712258,23.68,40.25,711,AFORO MEDIO,2,-72
2026-06-08 18:16:46,40.423283,-3.712258,23.71,40.41,958,AFORO MEDIO,2,-53
2026-06-08 18:16:54,40.423283,-3.712258,23.76,40.61,734,AFORO MEDIO,1,-54
2026-06-08 18:17:02,40.423283,-3.712258,23.82,40.77,889,AFORO MEDIO,2,-54
2026-06-08 18:17:10,40.423283,-3.712258,24.03,42.13,927,AFORO MEDIO,2,-49
2026-06-08 18:17:18,40.423241,-3.712346,24.0,42.69,743,AFORO MEDIO,2,-50
2026-06-08 18:17:26,40.423241,-3.712346,24.01,42.08,889,AFORO MEDIO,2,-50
2026-06-08 18:17:35,40.423241,-3.712346,23.96,41.5,711,AFORO MEDIO,4,-52
2026-06-08 18:17:43,40.423241,-3.712346,23.97,41.03,764,AFORO MEDIO,3,-52
2026-06-08 18:17:50,40.423241,-3.712346,23.9,40.56,889,AFORO MEDIO,4,-52
2026-06-08 18:17:58,40.423241,-3.712346,23.91,40.25,743,AFORO MEDIO,1,-50
2026-06-08 18:18:06,40.423241,-3.712346,23.9,39.98,927,AFORO MEDIO,3,-53
2026-06-08 18:18:14,40.420406,-3.716234,23.88,39.68,889,AFORO MEDIO,1,-47
2026-06-08 18:18:22,40.420406,-3.716234,23.85,39.33,1187,AFORO ALTO,5,-49
2026-06-08 18:18:30,40.420406,-3.716234,23.83,39.03,1324,AFORO ALTO,5,-48
2026-06-08 18:18:38,40.420406,-3.716234,23.81,38.7,1456,AFORO ALTO,5,-47
2026-06-08 18:18:46,40.420406,-3.716234,23.82,38.45,1109,AFORO ALTO,2,-46
2026-06-08 18:18:54,40.421028,-3.718907,23.79,38.39,1542,AFORO ALTO,1,-46
2026-06-08 18:19:02,40.421028,-3.718907,23.77,38.4,1214,AFORO ALTO,1,-46
2026-06-08 18:19:10,40.420731,-3.71916,23.75,38.56,1389,AFORO ALTO,1,-48
2026-06-08 18:19:18,40.420731,-3.71916,23.77,38.83,1578,AFORO ALTO,1,-52
2026-06-08 18:19:26,40.420731,-3.71916,23.75,39.12,1134,AFORO ALTO,1,-48
2026-06-08 18:19:34,40.420872,-3.717855,23.77,39.32,1498,AFORO ALTO,1,-50
2026-06-08 18:19:42,40.420872,-3.717855,23.8,39.32,1329,AFORO ALTO,2,-46
2026-06-08 18:19:51,40.420872,-3.717855,23.79,39.22,1763,AFORO ALTO,2,-48
2026-06-08 18:19:58,40.420872,-3.717855,23.74,39.12,1522,AFORO ALTO,1,-46
2026-06-08 18:20:06,40.420872,-3.717855,23.74,39.09,1678,AFORO ALTO,1,-47
2026-06-08 18:20:14,40.420872,-3.717855,23.7,39.02,1354,AFORO ALTO,1,-43
2026-06-08 18:20:22,40.420872,-3.717855,23.73,38.99,1487,AFORO ALTO,1,-47
2026-06-08 18:20:30,40.420872,-3.717855,23.79,38.81,1623,AFORO ALTO,1,-44
2026-06-08 18:20:38,40.420872,-3.717855,23.82,38.63,1714,AFORO ALTO,1,-44
2026-06-08 18:20:46,40.420872,-3.717855,23.82,38.43,1198,AFORO ALTO,1,-46
2026-06-08 18:20:54,40.420872,-3.717855,23.82,38.28,1432,AFORO ALTO,2,-55
2026-06-08 18:21:02,40.417271,-3.719597,23.77,38.38,1673,AFORO ALTO,2,-48
2026-06-08 18:21:10,40.417271,-3.719597,23.76,38.77,1544,AFORO ALTO,1,-52
2026-06-08 18:21:18,40.416821,-3.720123,23.71,39.41,1321,AFORO ALTO,1,-53
2026-06-08 18:21:27,40.416821,-3.720123,23.67,39.76,1789,AFORO ALTO,2,-63
2026-06-08 18:21:34,40.416821,-3.720123,23.67,40.14,1497,AFORO ALTO,2,-48
2026-06-08 18:21:42,40.416821,-3.720123,23.66,40.31,1654,AFORO ALTO,2,-58
2026-06-08 18:21:50,40.416821,-3.720123,23.67,40.31,1725,AFORO ALTO,2,-57
2026-06-08 18:21:59,40.416821,-3.720123,23.71,40.24,1532,AFORO ALTO,2,-59
2026-06-08 18:22:06,40.416821,-3.720123,23.71,40.21,1864,AFORO ALTO,2,-69
2026-06-08 18:22:14,40.415951,-3.720037,23.57,40.14,1498,AFORO ALTO,2,-63
2026-06-08 18:22:22,40.415951,-3.720037,23.49,40.2,1329,AFORO ALTO,1,-56
2026-06-08 18:22:30,40.415951,-3.720037,23.47,40.28,1653,AFORO ALTO,1,-56
2026-06-08 18:22:38,40.415321,-3.720332,23.47,40.29,1787,AFORO ALTO,2,-58
2026-06-08 18:22:46,40.415321,-3.720332,23.53,40.27,1542,AFORO ALTO,2,-58
2026-06-08 18:22:54,40.415321,-3.720332,23.38,40.09,1678,AFORO ALTO,2,-53
2026-06-08 18:23:02,40.415321,-3.720332,23.28,39.94,1321,AFORO ALTO,1,-58
2026-06-08 18:23:10,40.415321,-3.720332,23.3,39.84,1498,AFORO ALTO,2,-61
2026-06-08 18:23:18,40.415321,-3.720332,23.24,39.72,1714,AFORO ALTO,3,-61
2026-06-08 18:23:26,40.415321,-3.720332,23.23,39.67,1587,AFORO ALTO,1,-54
2026-06-08 18:23:34,40.415321,-3.720332,23.23,39.61,1432,AFORO ALTO,1,-54
2026-06-08 18:23:42,40.415321,-3.720332,23.23,39.53,1673,AFORO ALTO,2,-62
2026-06-08 18:23:50,40.415321,-3.720332,23.23,39.45,1324,AFORO ALTO,2,-50
2026-06-08 18:23:58,40.415321,-3.720332,23.28,39.47,1544,AFORO ALTO,2,-51
2026-06-08 18:24:06,40.415321,-3.720332,23.31,39.42,1765,AFORO ALTO,2,-51
2026-06-08 18:24:14,40.414791,-3.716812,23.32,39.31,1497,AFORO ALTO,2,-49
2026-06-08 18:24:23,40.414791,-3.716812,23.4,39.24,1329,AFORO ALTO,1,-50
2026-06-08 18:24:30,40.414791,-3.716812,23.44,39.12,1542,AFORO ALTO,2,-47
2026-06-08 18:24:38,40.414791,-3.716812,23.49,39.07,1678,AFORO ALTO,2,-50
2026-06-08 18:24:46,40.414791,-3.716812,23.57,39.44,1861,AFORO ALTO,2,-65
2026-06-08 18:24:54,40.414791,-3.716812,23.69,41.53,1498,AFORO ALTO,2,-51
2026-06-08 18:25:02,40.414791,-3.716812,23.72,42.37,1324,AFORO ALTO,1,-53
2026-06-08 18:25:10,40.414791,-3.716812,23.68,43.11,1653,AFORO ALTO,2,-62
2026-06-08 18:25:18,40.414791,-3.716812,23.74,42.56,1787,AFORO ALTO,2,-68
2026-06-08 18:25:26,40.414791,-3.716812,23.75,41.93,1498,AFORO ALTO,2,-65
2026-06-08 18:25:34,40.414791,-3.716812,23.7,41.32,1673,AFORO ALTO,1,-73
2026-06-08 18:25:42,40.414791,-3.716812,23.67,40.78,1542,AFORO ALTO,4,-63
2026-06-08 18:25:50,40.414791,-3.716812,23.64,40.31,1329,AFORO ALTO,2,-55
2026-06-08 18:25:59,40.414791,-3.716812,23.65,39.96,1187,AFORO ALTO,1,-61
2026-06-08 18:26:06,40.414791,-3.716812,23.67,39.67,1324,AFORO ALTO,1,-51
2026-06-08 18:26:15,40.414791,-3.716812,23.65,39.5,1456,AFORO ALTO,1,-53
2026-06-08 18:26:22,40.412109,-3.71735,23.71,39.43,1109,AFORO ALTO,1,-54
2026-06-08 18:26:30,40.412109,-3.71735,23.72,39.32,1542,AFORO ALTO,2,-63
2026-06-08 18:26:38,40.412109,-3.71735,23.67,39.16,1214,AFORO ALTO,2,-53
2026-06-08 18:26:46,40.412109,-3.71735,23.74,39.12,1389,AFORO ALTO,2,-56
2026-06-08 18:26:54,40.412109,-3.71735,23.73,39.03,1578,AFORO ALTO,2,-55
2026-06-08 18:27:03,40.412109,-3.71735,23.7,38.9,1134,AFORO ALTO,1,-57
2026-06-08 18:27:10,40.412109,-3.71735,23.73,38.86,1498,AFORO ALTO,2,-48
2026-06-08 18:27:18,40.412109,-3.71735,23.7,38.89,1329,AFORO ALTO,1,-51
2026-06-08 18:27:26,40.412109,-3.71735,23.76,38.99,1763,AFORO ALTO,3,-53
2026-06-08 18:27:35,40.412109,-3.71735,23.71,38.97,1522,AFORO ALTO,4,-54
2026-06-08 18:27:42,40.412109,-3.71735,23.72,38.89,1678,AFORO ALTO,4,-53
2026-06-08 18:27:50,40.412109,-3.71735,23.71,38.76,1354,AFORO ALTO,1,-53
2026-06-08 18:27:58,40.412109,-3.71735,23.71,38.69,1487,AFORO ALTO,4,-54
2026-06-08 18:28:10,40.412109,-3.71735,23.7,38.61,1623,AFORO ALTO,6,-54
2026-06-08 18:28:14,40.412109,-3.71735,23.66,38.48,1714,AFORO ALTO,2,-54
2026-06-08 18:28:22,40.40789,-3.714698,23.62,38.41,1198,AFORO ALTO,1,-53
2026-06-08 18:28:30,40.40789,-3.714698,23.56,38.29,1432,AFORO ALTO,4,-51
2026-06-08 18:28:38,40.40789,-3.714698,23.54,38.22,1673,AFORO ALTO,1,-51
2026-06-08 18:28:46,40.40789,-3.714698,23.52,38.2,1324,AFORO ALTO,6,-48
2026-06-08 18:28:54,40.40789,-3.714698,23.52,38.22,1544,AFORO ALTO,2,-53
2026-06-08 18:29:02,40.406937,-3.713008,23.5,38.24,1765,AFORO ALTO,1,-51
2026-06-08 18:29:10,40.406937,-3.713008,23.43,38.14,1497,AFORO ALTO,2,-44
2026-06-08 18:29:18,40.406937,-3.713008,23.38,38.25,1329,AFORO ALTO,2,-54
2026-06-08 18:29:27,40.406937,-3.713008,23.88,43.44,1678,AFORO ALTO,1,-56
2026-06-08 18:29:34,40.406937,-3.713008,23.91,44.72,1861,AFORO ALTO,2,-54
2026-06-08 18:29:42,40.406937,-3.713008,24.44,47.94,1498,AFORO ALTO,1,-53
2026-06-08 18:29:50,40.406937,-3.713008,24.36,47.5,1324,AFORO ALTO,2,-50
2026-06-08 18:29:58,40.406937,-3.713008,24.76,47.86,1542,AFORO ALTO,2,-51
2026-06-08 18:30:06,40.406864,-3.712526,24.58,46.3,1678,AFORO ALTO,4,-55
2026-06-08 18:30:14,40.406864,-3.712526,24.48,44.04,1787,AFORO ALTO,2,-51
2026-06-08 18:30:22,40.406864,-3.712526,24.33,42.35,1498,AFORO ALTO,1,-49
2026-06-08 18:30:30,40.406864,-3.712526,24.25,41.26,1673,AFORO ALTO,4,-52
2026-06-08 18:30:38,40.406864,-3.712526,24.12,40.36,1542,AFORO ALTO,2,-58
2026-06-08 18:30:46,40.406864,-3.712526,24.01,39.73,1329,AFORO ALTO,2,-47
2026-06-08 18:30:54,40.405678,-3.710785,23.96,39.28,1678,AFORO ALTO,2,-50
2026-06-08 18:31:02,40.405678,-3.710785,23.86,38.96,1497,AFORO ALTO,1,-48
2026-06-08 18:31:10,40.405678,-3.710785,23.76,38.59,1324,AFORO ALTO,3,-49
2026-06-08 18:31:18,40.405678,-3.710785,23.68,38.22,1544,AFORO ALTO,2,-59
2026-06-08 18:31:27,40.405678,-3.710785,23.64,37.87,1765,AFORO ALTO,4,-56
2026-06-08 18:31:34,40.40546,-3.704855,23.62,37.66,1498,AFORO ALTO,8,-51
2026-06-08 18:31:42,40.40546,-3.704855,23.62,37.43,1673,AFORO ALTO,7,-68
2026-06-08 18:31:50,40.40546,-3.704855,23.62,37.25,1542,AFORO ALTO,2,-58
2026-06-08 18:31:58,40.40522,-3.703842,23.57,36.98,1329,AFORO ALTO,5,-52
2026-06-08 18:32:06,40.40522,-3.703842,23.5,36.83,1497,AFORO ALTO,8,-49
2026-06-08 18:32:14,40.40522,-3.703842,24.14,43.1,1678,AFORO ALTO,3,-59
2026-06-08 18:32:22,40.40522,-3.703842,24.13,44.91,1861,AFORO ALTO,2,-53
2026-06-08 18:32:30,40.40522,-3.703842,24.71,47.96,1498,AFORO ALTO,3,-53
2026-06-08 18:32:38,40.40517,-3.703962,24.72,46.75,1324,AFORO ALTO,7,-54
2026-06-08 18:32:46,40.40517,-3.703962,24.65,44.64,1542,AFORO ALTO,2,-61
2026-06-08 18:32:55,40.40517,-3.703962,24.56,42.98,1678,AFORO ALTO,2,-56
2026-06-08 18:33:02,40.40517,-3.703962,24.38,41.69,1787,AFORO ALTO,3,-47
2026-06-08 18:33:10,40.40517,-3.703962,24.21,40.7,742,AFORO MEDIO,8,-47
2026-06-08 18:33:18,40.40517,-3.703962,24.05,40.09,811,AFORO MEDIO,11,-52
2026-06-08 18:33:26,40.40517,-3.703962,23.91,39.59,764,AFORO MEDIO,2,-50
2026-06-08 18:33:34,40.40517,-3.703962,23.76,39.13,889,AFORO MEDIO,2,-54
2026-06-08 18:33:42,40.405281,-3.703687,23.67,38.9,711,AFORO MEDIO,2,-51
2026-06-08 18:33:50,40.405281,-3.703687,23.55,38.79,934,AFORO MEDIO,3,-53
2026-06-08 18:33:59,40.405281,-3.703687,23.51,38.9,782,AFORO MEDIO,2,-52
2026-06-08 18:34:06,40.405281,-3.703687,23.45,39.05,876,AFORO MEDIO,2,-53
2026-06-08 18:34:14,40.405197,-3.703243,23.38,39.18,735,AFORO MEDIO,1,-53
2026-06-08 18:34:22,40.405197,-3.703243,23.32,39.41,987,AFORO MEDIO,4,-61
2026-06-08 18:34:30,40.405197,-3.703243,23.28,39.67,873,AFORO MEDIO,6,-55
2026-06-08 18:45:57,40.405296,-3.704125,30.07,27.23,764,AFORO MEDIO,2,-69
2026-06-08 18:46:05,40.405296,-3.704125,29.91,27.03,711,AFORO MEDIO,1,-62
2026-06-08 18:46:13,40.405296,-3.704125,29.75,26.9,958,AFORO MEDIO,2,-68
2026-06-08 18:46:21,40.405296,-3.704125,29.63,26.85,843,AFORO MEDIO,2,-64
2026-06-08 18:46:29,40.405296,-3.704125,29.45,26.82,789,AFORO MEDIO,1,-58
2026-06-08 18:46:37,40.405369,-3.704142,29.37,27.05,934,AFORO MEDIO,3,-59
2026-06-08 18:46:45,40.405369,-3.704142,29.32,27.31,876,AFORO MEDIO,2,-61
2026-06-08 18:46:53,40.405369,-3.704142,29.26,27.39,723,AFORO MEDIO,4,-60
2026-06-08 18:47:01,40.405369,-3.704142,29.19,27.41,812,AFORO MEDIO,4,-52
2026-06-08 18:47:09,40.405369,-3.704142,29.14,27.49,761,AFORO MEDIO,3,-51
2026-06-08 18:47:17,40.405369,-3.704142,29.05,27.64,987,AFORO MEDIO,2,-51
2026-06-08 18:47:25,40.405369,-3.704142,28.94,27.71,735,AFORO MEDIO,1,-61
2026-06-08 18:47:33,40.405369,-3.704142,28.87,27.91,889,AFORO MEDIO,1,-53
2026-06-08 18:47:41,40.405369,-3.704142,28.79,28.16,764,AFORO MEDIO,2,-59
2026-06-08 18:47:49,40.405369,-3.704142,28.79,28.36,934,AFORO MEDIO,2,-56
2026-06-08 18:47:57,40.405369,-3.704142,28.68,28.53,782,AFORO MEDIO,1,-52
2026-06-08 18:48:05,40.405369,-3.704142,28.62,28.72,987,AFORO MEDIO,1,-58
2026-06-08 18:48:13,40.405369,-3.704142,28.58,28.9,843,AFORO MEDIO,2,-57
2026-06-08 18:48:21,40.405941,-3.707316,28.56,29.06,723,AFORO MEDIO,3,-64
2026-06-08 18:48:29,40.405941,-3.707316,28.58,29.11,876,AFORO MEDIO,2,-58
2026-06-08 18:48:37,40.405941,-3.707316,28.56,29.24,934,AFORO MEDIO,1,-60
2026-06-08 18:48:45,40.405941,-3.707316,28.44,29.24,711,AFORO MEDIO,2,-54
2026-06-08 18:48:53,40.405941,-3.707316,28.39,29.26,987,AFORO MEDIO,2,-64
2026-06-08 18:49:02,40.405941,-3.707316,28.38,29.31,843,AFORO MEDIO,2,-59
2026-06-08 18:49:09,40.405941,-3.707316,28.37,29.41,764,AFORO MEDIO,2,-58
2026-06-08 18:49:17,40.405941,-3.707316,28.37,29.51,987,AFORO MEDIO,1,-61
2026-06-08 18:49:25,40.406479,-3.711062,28.33,29.62,723,AFORO MEDIO,1,-56
2026-06-08 18:49:33,40.406479,-3.711062,28.29,29.65,934,AFORO MEDIO,2,-54
2026-06-08 18:49:41,40.406479,-3.711062,28.18,29.64,876,AFORO MEDIO,3,-56
2026-06-08 18:49:49,40.406982,-3.711679,28.12,29.66,987,AFORO MEDIO,1,-60
2026-06-08 18:49:57,40.406982,-3.711679,28.06,29.78,843,AFORO MEDIO,2,-53
2026-06-08 18:50:05,40.406982,-3.711679,28.02,29.75,764,AFORO MEDIO,1,-56
2026-06-08 18:50:13,40.406982,-3.711679,28.0,29.84,987,AFORO MEDIO,2,-60
2026-06-08 18:50:21,40.407394,-3.71216,27.98,29.85,723,AFORO MEDIO,1,-68
2026-06-08 18:50:30,40.407394,-3.71216,27.87,29.75,934,AFORO MEDIO,1,-70
2026-06-08 18:50:37,40.407394,-3.71216,27.83,29.66,742,AFORO MEDIO,4,-60
2026-06-08 18:50:45,40.407394,-3.71216,27.74,29.88,811,AFORO MEDIO,2,-59
2026-06-08 18:50:53,40.407394,-3.71216,27.58,29.92,764,AFORO MEDIO,2,-60
2026-06-08 18:51:01,40.407394,-3.71216,27.51,29.9,889,AFORO MEDIO,3,-59
2026-06-08 18:51:09,40.407394,-3.71216,27.44,29.93,934,AFORO MEDIO,4,-61
2026-06-08 18:51:17,40.407394,-3.71216,27.4,30.09,782,AFORO MEDIO,3,-59
2026-06-08 18:51:25,40.407394,-3.71216,27.37,30.15,876,AFORO MEDIO,2,-60
2026-06-08 18:51:33,40.407394,-3.71216,27.3,30.09,723,AFORO MEDIO,4,-54
2026-06-08 18:51:41,40.407394,-3.71216,27.24,30.01,987,AFORO MEDIO,2,-56
2026-06-08 18:51:49,40.407394,-3.71216,27.19,29.98,843,AFORO MEDIO,3,-53
2026-06-08 18:51:57,40.407394,-3.71216,27.15,30.05,934,AFORO MEDIO,1,-58
2026-06-08 18:52:05,40.407394,-3.71216,27.11,30.09,711,AFORO MEDIO,2,-51
2026-06-08 18:52:13,40.407394,-3.71216,27.09,30.14,958,AFORO MEDIO,2,-57
2026-06-08 18:52:22,40.408417,-3.715868,27.06,30.19,843,AFORO MEDIO,2,-58
2026-06-08 18:52:29,40.408417,-3.715868,27.01,30.18,764,AFORO MEDIO,4,-56
2026-06-08 18:52:37,40.408417,-3.715868,26.94,30.12,987,AFORO MEDIO,4,-54
2026-06-08 18:52:45,40.408417,-3.715868,26.93,30.01,723,AFORO MEDIO,3,-57
2026-06-08 18:52:53,40.408417,-3.715868,26.9,29.87,934,AFORO MEDIO,3,-66
2026-06-08 18:53:01,40.408417,-3.715868,26.81,29.79,782,AFORO MEDIO,2,-61
2026-06-08 18:53:09,40.408417,-3.715868,26.78,29.89,811,AFORO MEDIO,2,-64
2026-06-08 18:53:17,40.408417,-3.715868,26.69,29.91,987,AFORO MEDIO,3,-64
2026-06-08 18:53:25,40.408417,-3.715868,26.64,29.87,843,AFORO MEDIO,3,-59
2026-06-08 18:53:33,40.410709,-3.717865,26.6,29.87,934,AFORO MEDIO,4,-59
2026-06-08 18:53:41,40.410709,-3.717865,26.56,29.97,711,AFORO MEDIO,3,-58
2026-06-08 18:53:49,40.410709,-3.717865,26.53,30.1,987,AFORO MEDIO,3,-54
2026-06-08 18:53:57,40.410709,-3.717865,26.45,30.18,843,AFORO MEDIO,1,-58
2026-06-08 18:54:05,40.410709,-3.717865,26.35,30.23,764,AFORO MEDIO,3,-55
2026-06-08 18:54:13,40.410709,-3.717865,26.19,30.21,934,AFORO MEDIO,2,-54
2026-06-08 18:54:21,40.410709,-3.717865,26.15,30.27,987,AFORO MEDIO,2,-70
2026-06-08 18:54:29,40.410709,-3.717865,26.08,30.35,723,AFORO MEDIO,2,-61
2026-06-08 18:54:37,40.410709,-3.717865,26.05,30.43,876,AFORO MEDIO,3,-59
2026-06-08 18:54:45,40.413403,-3.717093,26.06,30.54,934,AFORO MEDIO,2,-62
2026-06-08 18:54:53,40.413403,-3.717093,26.06,30.59,782,AFORO MEDIO,2,-56
2026-06-08 18:55:01,40.413403,-3.717093,26.1,30.67,987,AFORO MEDIO,2,-70
2026-06-08 18:55:09,40.413403,-3.717093,26.15,30.74,843,AFORO MEDIO,2,-51
2026-06-08 18:55:17,40.40889,-3.716053,26.17,31.1,934,AFORO MEDIO,2,-53
2026-06-08 18:55:25,40.411694,-3.716448,26.23,31.2,764,AFORO MEDIO,2,-52
2026-06-08 18:55:33,40.411694,-3.716448,26.32,31.25,987,AFORO MEDIO,1,-57
2026-06-08 18:55:41,40.411694,-3.716448,26.34,31.24,723,AFORO MEDIO,2,-54
2026-06-08 18:55:49,40.411694,-3.716448,26.31,31.14,934,AFORO MEDIO,3,-62
2026-06-08 18:55:57,40.411694,-3.716448,26.32,30.99,811,AFORO MEDIO,2,-59
2026-06-08 18:56:05,40.413925,-3.71871,26.28,30.98,987,AFORO MEDIO,2,-58
2026-06-08 18:56:13,40.413925,-3.71871,26.31,30.99,764,AFORO MEDIO,1,-60
2026-06-08 18:56:21,40.413925,-3.71871,26.3,30.92,934,AFORO MEDIO,1,-72
2026-06-08 18:56:29,40.413925,-3.71871,26.28,30.91,723,AFORO MEDIO,1,-67
2026-06-08 18:56:37,40.413925,-3.71871,26.27,30.97,987,AFORO MEDIO,1,-65
2026-06-08 18:56:45,40.413925,-3.71871,26.24,31.03,843,AFORO MEDIO,1,-68
2026-06-08 18:56:53,40.413925,-3.71871,26.21,31.11,934,AFORO MEDIO,1,-68
2026-06-08 18:57:01,40.413925,-3.71871,26.2,31.24,782,AFORO MEDIO,1,-61
2026-06-08 18:57:09,40.413925,-3.71871,26.25,31.47,987,AFORO MEDIO,2,-64
2026-06-08 18:57:17,40.413925,-3.71871,26.27,31.66,843,AFORO MEDIO,1,-62
2026-06-08 18:57:25,40.413925,-3.71871,26.28,31.78,934,AFORO MEDIO,2,-70
2026-06-08 18:57:33,40.413925,-3.71871,26.33,31.72,764,AFORO MEDIO,2,-59
2026-06-08 18:57:41,40.413925,-3.71871,26.3,31.7,987,AFORO MEDIO,2,-62
2026-06-08 18:57:49,40.413925,-3.71871,26.31,31.68,843,AFORO MEDIO,2,-60
2026-06-08 18:57:57,40.413925,-3.71871,26.3,31.64,934,AFORO MEDIO,2,-62
2026-06-08 18:58:05,40.413925,-3.71871,26.35,31.64,782,AFORO MEDIO,2,-65
2026-06-08 18:58:13,40.413925,-3.71871,26.34,31.59,987,AFORO MEDIO,2,-66
2026-06-08 18:58:21,40.413925,-3.71871,26.37,31.59,843,AFORO MEDIO,2,-58
2026-06-08 18:58:29,40.414482,-3.72082,26.36,31.57,934,AFORO MEDIO,2,-59
2026-06-08 18:58:37,40.414482,-3.72082,26.4,31.6,742,AFORO MEDIO,1,-60
2026-06-08 18:58:45,40.414482,-3.72082,26.4,31.58,811,AFORO MEDIO,2,-57
2026-06-08 18:58:53,40.414482,-3.72082,26.4,31.56,764,AFORO MEDIO,1,-54
2026-06-08 18:59:01,40.414482,-3.72082,26.45,31.72,934,AFORO MEDIO,1,-64
2026-06-08 18:59:09,40.414482,-3.72082,26.42,31.93,873,AFORO MEDIO,2,-57
2026-06-08 18:59:17,40.414482,-3.72082,26.46,32.07,987,AFORO MEDIO,2,-57
2026-06-08 18:59:25,40.41721,-3.720435,26.45,32.2,723,AFORO MEDIO,2,-54
2026-06-08 18:59:33,40.41721,-3.720435,26.43,32.27,934,AFORO MEDIO,1,-57
2026-06-08 18:59:41,40.41721,-3.720435,26.45,32.35,811,AFORO MEDIO,1,-57
2026-06-08 18:59:49,40.41721,-3.720435,26.45,32.46,782,AFORO MEDIO,2,-53
2026-06-08 18:59:57,40.41721,-3.720435,26.48,32.52,958,AFORO MEDIO,1,-54
2026-06-08 19:00:05,40.41721,-3.720435,26.48,32.66,876,AFORO MEDIO,1,-55
2026-06-08 19:00:13,40.41721,-3.720435,26.43,32.86,711,AFORO MEDIO,1,-60
2026-06-08 19:00:21,40.41721,-3.720435,26.42,33.04,934,AFORO MEDIO,2,-58
2026-06-08 19:00:29,40.41721,-3.720435,26.46,33.21,843,AFORO MEDIO,1,-54
2026-06-08 19:00:37,40.41721,-3.720435,26.41,33.38,987,AFORO MEDIO,2,-61
2026-06-08 19:00:45,40.41721,-3.720435,26.38,33.62,764,AFORO MEDIO,2,-56
2026-06-08 19:00:53,40.41721,-3.720435,26.36,33.86,934,AFORO MEDIO,2,-66
2026-06-08 19:01:01,40.41721,-3.720435,26.35,34.15,873,AFORO MEDIO,2,-63
2026-06-08 19:01:09,40.41721,-3.720435,26.33,34.45,987,AFORO MEDIO,2,-61
2026-06-08 19:01:17,40.41721,-3.720435,26.31,34.64,723,AFORO MEDIO,2,-58
2026-06-08 19:01:25,40.41721,-3.720435,26.32,34.79,934,AFORO MEDIO,2,-59
2026-06-08 19:01:33,40.419922,-3.719967,26.37,35.0,811,AFORO MEDIO,2,-52
2026-06-08 19:01:41,40.419922,-3.719967,26.33,35.04,987,AFORO MEDIO,3,-55
2026-06-08 19:01:49,40.419922,-3.719967,26.33,35.07,764,AFORO MEDIO,3,-54
2026-06-08 19:01:57,40.419922,-3.719967,26.35,35.15,934,AFORO MEDIO,3,-53
2026-06-08 19:02:05,40.419922,-3.719967,26.35,35.12,873,AFORO MEDIO,1,-61
2026-06-08 19:02:13,40.420261,-3.716402,26.33,35.03,987,AFORO MEDIO,1,-62
2026-06-08 19:02:21,40.420261,-3.716402,26.34,34.91,723,AFORO MEDIO,2,-58
2026-06-08 19:02:29,40.420261,-3.716402,26.31,34.9,934,AFORO MEDIO,1,-59
2026-06-08 19:02:37,40.420261,-3.716402,26.26,34.88,811,AFORO MEDIO,2,-61
2026-06-08 19:02:45,40.420261,-3.716402,26.24,34.97,987,AFORO MEDIO,2,-58
2026-06-08 19:02:53,40.420261,-3.716402,26.22,35.0,764,AFORO MEDIO,2,-59
2026-06-08 19:03:01,40.420261,-3.716402,26.2,34.97,934,AFORO MEDIO,1,-60
2026-06-08 19:03:09,40.420261,-3.716402,26.16,34.95,873,AFORO MEDIO,1,-60
2026-06-08 19:03:17,40.420261,-3.716402,26.18,35.05,987,AFORO MEDIO,2,-69
2026-06-08 19:03:25,40.420261,-3.716402,26.21,35.13,723,AFORO MEDIO,1,-58
2026-06-08 19:03:33,40.420261,-3.716402,26.18,35.18,934,AFORO MEDIO,2,-64
2026-06-08 19:03:41,40.420261,-3.716402,26.15,35.36,811,AFORO MEDIO,2,-65
2026-06-08 19:03:49,40.420261,-3.716402,26.08,35.43,987,AFORO MEDIO,2,-57
2026-06-08 19:03:57,40.420261,-3.716402,26.03,35.57,764,AFORO MEDIO,2,-54
2026-06-08 19:04:05,40.421757,-3.71336,26.06,35.66,934,AFORO MEDIO,2,-58
2026-06-08 19:04:13,40.421757,-3.71336,26.06,35.64,873,AFORO MEDIO,1,-55
2026-06-08 19:04:21,40.421757,-3.71336,26.06,35.67,987,AFORO MEDIO,2,-54
2026-06-08 19:04:29,40.421757,-3.71336,26.07,35.6,723,AFORO MEDIO,2,-58
2026-06-08 19:04:37,40.421757,-3.71336,26.02,35.54,934,AFORO MEDIO,1,-64
2026-06-08 19:04:45,40.421757,-3.71336,26.01,35.42,811,AFORO MEDIO,1,-58
2026-06-08 19:04:53,40.421757,-3.71336,26.01,35.35,987,AFORO MEDIO,1,-60
2026-06-08 19:05:01,40.421757,-3.71336,26.01,35.32,764,AFORO MEDIO,1,-54
2026-06-08 19:05:10,40.421757,-3.71336,26.01,35.32,934,AFORO MEDIO,1,-61
2026-06-08 19:05:18,40.421757,-3.71336,26.01,35.36,873,AFORO MEDIO,1,-56
2026-06-08 19:05:25,40.421757,-3.71336,26.04,35.45,987,AFORO MEDIO,1,-55
2026-06-08 19:05:33,40.421757,-3.71336,26.03,35.42,723,AFORO MEDIO,1,-56
2026-06-08 19:05:41,40.421757,-3.71336,26.03,35.44,934,AFORO MEDIO,1,-57
2026-06-08 19:05:49,40.421757,-3.71336,26.05,35.47,811,AFORO MEDIO,1,-56
2026-06-08 19:05:57,40.421757,-3.71336,26.06,35.48,987,AFORO MEDIO,1,-58
2026-06-08 19:06:05,40.42395,-3.711233,26.03,35.45,764,AFORO MEDIO,1,-58
2026-06-08 19:06:13,40.42395,-3.711233,25.98,35.39,934,AFORO MEDIO,1,-59
2026-06-08 19:06:21,40.42395,-3.711233,25.92,35.29,873,AFORO MEDIO,1,-62
2026-06-08 19:06:29,40.42395,-3.711233,25.89,35.16,987,AFORO MEDIO,2,-58
2026-06-08 19:06:37,40.42395,-3.711233,25.86,35.17,723,AFORO MEDIO,2,-57
2026-06-08 19:06:45,40.42395,-3.711233,25.79,35.15,934,AFORO MEDIO,1,-64
2026-06-08 19:06:53,40.42395,-3.711233,25.77,35.17,811,AFORO MEDIO,1,-64
2026-06-08 19:07:01,40.42395,-3.711233,25.68,35.21,987,AFORO MEDIO,1,-64
2026-06-08 19:07:09,40.42395,-3.711233,25.69,35.28,764,AFORO MEDIO,1,-62
2026-06-08 19:07:17,40.42395,-3.711233,25.71,35.36,934,AFORO MEDIO,1,-66
2026-06-08 19:07:25,40.42395,-3.711233,25.69,35.51,873,AFORO MEDIO,1,-60
2026-06-08 19:07:33,40.42395,-3.711233,25.75,35.65,987,AFORO MEDIO,1,-70
2026-06-08 19:07:41,40.42395,-3.711233,25.73,35.77,723,AFORO MEDIO,2,-56
2026-06-08 19:07:49,40.42395,-3.711233,25.73,35.87,934,AFORO MEDIO,1,-52
2026-06-08 19:07:57,40.42395,-3.711233,25.76,36.02,811,AFORO MEDIO,2,-63
2026-06-08 19:08:05,40.42395,-3.711233,25.77,36.07,987,AFORO MEDIO,1,-60
2026-06-08 19:08:13,40.42395,-3.711233,25.79,36.09,764,AFORO MEDIO,2,-67
2026-06-08 19:08:21,40.42395,-3.711233,25.78,36.07,934,AFORO MEDIO,1,-63
2026-06-08 19:08:29,40.42395,-3.711233,25.76,36.16,873,AFORO MEDIO,2,-55
2026-06-08 19:08:37,40.42395,-3.711233,25.73,36.24,987,AFORO MEDIO,1,-57
2026-06-08 19:08:45,40.426331,-3.71295,25.65,36.2,587,AFORO BAJO,1,-63
2026-06-08 19:08:53,40.426331,-3.71295,25.6,36.19,664,AFORO BAJO,2,-62
2026-06-08 19:09:01,40.426331,-3.71295,25.56,36.15,512,AFORO BAJO,1,-62
2026-06-08 19:09:09,40.426331,-3.71295,25.52,36.12,643,AFORO BAJO,1,-75
2026-06-08 19:09:17,40.426331,-3.71295,25.47,36.1,598,AFORO BAJO,1,-56
2026-06-08 19:09:25,40.426331,-3.71295,25.45,36.15,471,AFORO BAJO,2,-63
2026-06-08 19:09:33,40.426331,-3.71295,25.4,36.28,659,AFORO BAJO,1,-62
2026-06-08 19:09:41,40.426331,-3.71295,25.42,36.44,694,AFORO BAJO,1,-65
2026-06-08 19:09:49,40.426331,-3.71295,25.38,36.55,622,AFORO BAJO,1,-74
2026-06-08 19:09:57,40.426331,-3.71295,25.37,36.7,681,AFORO BAJO,1,-69
2026-06-08 19:10:05,40.426331,-3.71295,25.39,36.81,577,AFORO BAJO,1,-70
2026-06-08 19:10:13,40.426331,-3.71295,25.4,36.84,612,AFORO BAJO,1,-64
2026-06-08 19:10:21,40.426331,-3.71295,25.4,36.86,569,AFORO BAJO,1,-67
2026-06-08 19:10:29,40.426331,-3.71295,25.42,36.92,693,AFORO BAJO,1,-65
2026-06-08 19:10:37,40.426331,-3.71295,25.44,36.97,655,AFORO BAJO,1,-66
2026-06-08 19:10:45,40.428745,-3.71463,25.48,36.98,624,AFORO BAJO,1,-60
2026-06-08 19:10:53,40.428745,-3.71463,25.46,36.9,598,AFORO BAJO,1,-58
2026-06-08 19:11:01,40.428745,-3.71463,25.48,36.75,532,AFORO BAJO,1,-65
2026-06-08 19:11:09,40.428745,-3.71463,25.49,36.63,574,AFORO BAJO,1,-68
2026-06-08 19:11:17,40.428745,-3.71463,25.5,36.52,667,AFORO BAJO,1,-66
2026-06-08 19:11:25,40.428745,-3.71463,25.5,36.45,489,AFORO BAJO,1,-64
2026-06-08 19:11:33,40.428745,-3.71463,25.49,36.35,681,AFORO BAJO,1,-68
2026-06-08 19:11:41,40.428745,-3.71463,25.5,36.27,656,AFORO BAJO,1,-72
2026-06-08 19:11:49,40.428745,-3.71463,25.52,36.19,548,AFORO BAJO,1,-70
2026-06-08 19:11:57,40.428745,-3.71463,25.48,36.16,622,AFORO BAJO,1,-62
2026-06-08 19:12:05,40.428745,-3.71463,25.51,36.13,610,AFORO BAJO,1,-55
2026-06-08 19:12:13,40.428745,-3.71463,25.49,36.14,510,AFORO BAJO,1,-66
2026-06-08 19:12:21,40.428745,-3.71463,25.45,36.26,438,AFORO BAJO,1,-58
2026-06-08 19:12:29,40.428745,-3.71463,25.4,36.41,497,AFORO BAJO,1,-61
2026-06-08 19:12:37,40.428745,-3.71463,25.39,36.51,435,AFORO BAJO,3,-61
2026-06-08 19:12:45,40.43108,-3.71653,25.35,36.54,497,AFORO BAJO,2,-62
2026-06-08 19:12:54,40.43108,-3.71653,25.33,36.48,435,AFORO BAJO,1,-67
2026-06-08 19:13:01,40.43108,-3.71653,25.3,36.38,622,AFORO BAJO,1,-57
2026-06-08 19:13:09,40.43108,-3.71653,25.3,36.31,574,AFORO BAJO,1,-56
2026-06-08 19:13:17,40.43108,-3.71653,25.28,36.26,467,AFORO BAJO,1,-59
2026-06-08 19:13:25,40.43108,-3.71653,25.29,36.24,456,AFORO BAJO,1,-66
2026-06-08 19:13:33,40.43108,-3.71653,25.29,36.19,597,AFORO BAJO,1,-53
2026-06-08 19:13:41,40.43108,-3.71653,25.28,36.25,431,AFORO BAJO,1,-62
2026-06-08 19:13:49,40.43108,-3.71653,25.29,36.45,687,AFORO BAJO,1,-56
2026-06-08 19:13:57,40.43108,-3.71653,25.33,36.58,638,AFORO BAJO,1,-63
2026-06-08 19:14:05,40.43108,-3.71653,25.37,36.77,488,AFORO BAJO,1,-56
2026-06-08 19:14:13,40.433498,-3.718247,25.37,36.87,445,AFORO BAJO,1,-62
2026-06-08 19:14:21,40.433498,-3.718247,25.43,36.88,880,AFORO BAJO,1,-54
2026-06-08 19:14:29,40.433498,-3.718247,25.47,36.93,805,AFORO BAJO,2,-53
2026-06-08 19:14:37,40.433498,-3.718247,25.45,36.92,822,AFORO BAJO,2,-56
2026-06-08 19:14:45,40.433498,-3.718247,25.43,36.89,526,AFORO BAJO,2,-59
2026-06-08 19:14:54,40.433498,-3.718247,25.45,36.84,527,AFORO BAJO,2,-58
2026-06-08 19:15:03,40.433498,-3.718247,25.44,36.73,693,AFORO BAJO,1,-57
2026-06-08 19:15:09,40.433498,-3.718247,25.44,36.61,656,AFORO BAJO,2,-59
2026-06-08 19:15:17,40.433498,-3.718247,25.4,36.49,438,AFORO BAJO,2,-58
2026-06-08 19:15:25,40.433498,-3.718247,25.4,36.43,537,AFORO BAJO,2,-55
2026-06-08 19:15:33,40.433498,-3.718247,25.42,36.42,538,AFORO BAJO,1,-60
2026-06-08 19:15:41,40.433498,-3.718247,25.44,36.37,487,AFORO BAJO,2,-64
2026-06-08 19:15:49,40.433498,-3.718247,25.42,36.44,412,AFORO BAJO,2,-63
2026-06-08 19:15:57,40.433498,-3.718247,25.39,36.55,498,AFORO BAJO,2,-58
2026-06-08 19:16:05,40.433498,-3.718247,25.37,36.69,476,AFORO BAJO,2,-66
2026-06-08 19:16:13,40.433498,-3.718247,25.35,36.78,400,AFORO BAJO,1,-58
2026-06-08 19:16:21,40.433498,-3.718247,25.36,36.9,402,AFORO BAJO,4,-60
2026-06-08 19:16:29,40.433498,-3.718247,25.39,36.97,405,AFORO BAJO,1,-63
2026-06-08 19:16:37,40.433498,-3.718247,25.39,36.96,404,AFORO BAJO,1,-58
2026-06-08 19:16:45,40.433498,-3.718247,25.44,36.93,421,AFORO BAJO,1,-58
2026-06-08 19:16:53,40.433498,-3.718247,25.4,36.92,400,AFORO BAJO,2,-63
2026-06-08 19:17:02,40.433498,-3.718247,25.42,36.89,400,AFORO BAJO,2,-61
2026-06-08 19:17:09,40.436272,-3.718112,25.42,36.84,414,AFORO BAJO,1,-58
2026-06-08 19:17:17,40.436272,-3.718112,25.4,36.8,400,AFORO BAJO,1,-59
2026-06-08 19:17:25,40.437088,-3.718017,25.39,36.72,424,AFORO BAJO,1,-58
2026-06-08 19:17:33,40.437088,-3.718017,25.44,36.7,400,AFORO BAJO,3,-62
2026-06-08 19:17:41,40.437088,-3.718017,25.43,36.59,587,AFORO BAJO,2,-63
2026-06-08 19:17:41,40.437088,-3.718017,25.43,36.59,612,AFORO BAJO,2,-63
2026-06-08 19:17:49,40.437088,-3.718017,25.4,36.5,655,AFORO BAJO,3,-67
2026-06-08 19:17:57,40.437088,-3.718017,25.39,36.47,498,AFORO BAJO,5,-68
2026-06-08 19:18:05,40.437088,-3.718017,25.38,36.46,672,AFORO BAJO,6,-62
2026-06-08 19:18:13,40.437088,-3.718017,25.36,36.51,589,AFORO BAJO,6,-59
2026-06-08 19:18:21,40.437088,-3.718017,25.39,36.62,643,AFORO BAJO,1,-61
2026-06-08 19:18:29,40.437088,-3.718017,25.37,36.85,521,AFORO BAJO,2,-60
2026-06-08 19:18:37,40.437088,-3.718017,25.39,36.89,667,AFORO BAJO,2,-53
2026-06-08 19:18:45,40.437088,-3.718017,25.4,36.93,574,AFORO BAJO,1,-54
2026-06-08 19:18:53,40.439819,-3.717617,25.4,36.93,693,AFORO BAJO,1,-59
2026-06-08 19:19:01,40.439819,-3.717617,25.38,36.93,622,AFORO BAJO,2,-57
2026-06-08 19:19:09,40.439819,-3.717617,25.37,36.94,548,AFORO BAJO,1,-58
2026-06-08 19:19:17,40.439819,-3.717617,25.38,36.93,681,AFORO BAJO,2,-66
2026-06-08 19:19:25,40.439819,-3.717617,25.44,36.93,577,AFORO BAJO,3,-62
2026-06-08 19:19:33,40.439819,-3.717617,25.4,36.87,612,AFORO BAJO,2,-63
2026-06-08 19:19:41,40.439819,-3.717617,25.37,36.7,569,AFORO BAJO,1,-65
2026-06-08 19:19:49,40.442467,-3.718915,25.38,36.55,693,AFORO BAJO,1,-61
2026-06-08 19:19:57,40.442467,-3.718915,25.33,36.32,655,AFORO BAJO,2,-63
2026-06-08 19:20:05,40.442467,-3.718915,25.34,36.18,574,AFORO BAJO,1,-64
2026-06-08 19:20:13,40.442467,-3.718915,25.34,36.13,612,AFORO BAJO,1,-58
2026-06-08 19:20:21,40.442467,-3.718915,25.35,36.09,667,AFORO BAJO,1,-66
2026-06-08 19:20:29,40.442467,-3.718915,25.39,36.13,589,AFORO BAJO,1,-64
2026-06-08 19:20:37,40.442467,-3.718915,25.42,36.19,643,AFORO BAJO,1,-66
2026-06-08 19:20:45,40.44516,-3.719748,25.4,36.2,693,AFORO BAJO,1,-65
2026-06-08 19:20:53,40.44516,-3.719748,25.45,36.16,577,AFORO BAJO,1,-59
2026-06-08 19:21:01,40.44516,-3.719748,25.45,36.06,681,AFORO BAJO,8,-61
2026-06-08 19:21:09,40.44516,-3.719748,25.48,36.1,598,AFORO BAJO,4,-59
2026-06-08 19:21:17,40.44516,-3.719748,25.48,36.09,623,AFORO BAJO,3,-60
2026-06-08 19:21:25,40.44516,-3.719748,25.44,36.06,532,AFORO BAJO,1,-58
2026-06-08 19:21:33,40.44516,-3.719748,25.48,36.07,667,AFORO BAJO,1,-59
2026-06-08 19:21:41,40.44516,-3.719748,25.48,36.14,693,AFORO BAJO,1,-57
2026-06-08 19:21:49,40.44516,-3.719748,25.45,36.19,574,AFORO BAJO,1,-57
2026-06-08 19:21:57,40.44516,-3.719748,25.45,36.19,612,AFORO BAJO,2,-57
2026-06-08 19:22:05,40.44516,-3.719748,25.42,36.32,681,AFORO BAJO,1,-58
2026-06-08 19:22:13,40.44516,-3.719748,25.36,36.48,589,AFORO BAJO,1,-61
2026-06-08 19:22:21,40.44516,-3.719748,25.36,36.58,623,AFORO BAJO,1,-59
2026-06-08 19:22:29,40.44516,-3.719748,25.3,36.64,667,AFORO BAJO,1,-55
2026-06-08 19:22:37,40.44516,-3.719748,25.3,36.73,693,AFORO BAJO,1,-54
2026-06-08 19:22:45,40.44516,-3.719748,25.28,36.79,577,AFORO BAJO,1,-58
2026-06-08 19:22:53,40.44516,-3.719748,25.28,36.84,612,AFORO BAJO,1,-56
2026-06-08 19:23:01,40.446342,-3.716412,25.25,36.8,693,AFORO BAJO,1,-58
2026-06-08 19:23:09,40.446342,-3.716412,25.25,36.76,589,AFORO BAJO,2,-61
2026-06-08 19:23:17,40.446342,-3.716412,25.22,36.69,623,AFORO BAJO,1,-57
2026-06-08 19:23:25,40.446342,-3.716412,25.2,36.65,667,AFORO BAJO,2,-57
2026-06-08 19:23:33,40.446342,-3.716412,25.21,36.65,693,AFORO BAJO,1,-61
2026-06-08 19:23:41,40.446342,-3.716412,25.27,36.71,577,AFORO BAJO,2,-60
2026-06-08 19:23:49,40.446342,-3.716412,25.28,36.75,612,AFORO BAJO,2,-65
2026-06-08 19:23:57,40.446342,-3.716412,25.28,36.64,681,AFORO BAJO,1,-63
2026-06-08 19:24:05,40.446342,-3.716412,25.23,36.57,589,AFORO BAJO,1,-71
2026-06-08 19:24:13,40.446342,-3.716412,25.23,36.54,623,AFORO BAJO,1,-71
2026-06-08 19:24:21,40.446182,-3.712848,25.29,36.57,693,AFORO BAJO,1,-66
2026-06-08 19:24:29,40.446182,-3.712848,25.27,36.49,577,AFORO BAJO,1,-74
2026-06-08 19:24:38,40.446182,-3.712848,25.21,36.35,612,AFORO BAJO,2,-72
2026-06-08 19:24:45,40.446182,-3.712848,25.19,36.27,681,AFORO BAJO,1,-65
2026-06-08 19:24:53,40.446182,-3.712848,25.17,36.39,589,AFORO BAJO,2,-72
2026-06-08 19:25:01,40.446182,-3.712848,25.25,36.57,623,AFORO BAJO,3,-66
2026-06-08 19:25:09,40.446182,-3.712848,25.29,36.68,693,AFORO BAJO,3,-66
2026-06-08 19:25:17,40.446182,-3.712848,25.25,36.63,577,AFORO BAJO,2,-61
2026-06-08 19:25:25,40.446182,-3.712848,25.25,36.56,612,AFORO BAJO,1,-71
2026-06-08 19:25:33,40.446182,-3.712848,25.25,36.57,681,AFORO BAJO,2,-55
2026-06-08 19:25:41,40.446182,-3.712848,25.28,36.65,589,AFORO BAJO,2,-55
2026-06-08 19:25:49,40.446182,-3.712848,25.24,36.87,623,AFORO BAJO,1,-55
2026-06-08 19:25:57,40.446182,-3.712848,25.23,36.94,693,AFORO BAJO,1,-57
2026-06-08 19:26:05,40.446182,-3.712848,25.18,36.96,577,AFORO BAJO,2,-60
2026-06-08 19:26:13,40.446182,-3.712848,25.16,36.97,612,AFORO BAJO,1,-59
2026-06-08 19:26:21,40.446182,-3.712848,25.19,36.91,681,AFORO BAJO,2,-63
2026-06-08 19:26:29,40.446182,-3.712848,25.18,36.93,589,AFORO BAJO,1,-60
2026-06-08 19:26:38,40.44701,-3.709453,25.2,36.9,693,AFORO BAJO,2,-63
2026-06-08 19:26:46,40.44701,-3.709453,25.2,36.8,577,AFORO BAJO,1,-62
2026-06-08 19:26:53,40.44701,-3.709453,25.15,36.68,612,AFORO BAJO,2,-65
2026-06-08 19:27:01,40.44701,-3.709453,25.18,36.6,681,AFORO BAJO,1,-54
2026-06-08 19:27:10,40.44701,-3.709453,25.16,36.56,589,AFORO BAJO,1,-67
2026-06-08 19:27:17,40.44701,-3.709453,25.08,36.58,623,AFORO BAJO,3,-59
2026-06-08 19:27:25,40.446877,-3.705917,25.12,36.56,693,AFORO BAJO,1,-65
2026-06-08 19:27:33,40.446877,-3.705917,25.13,36.55,577,AFORO BAJO,3,-66
2026-06-08 19:27:41,40.446877,-3.705917,25.15,36.79,612,AFORO BAJO,1,-65
2026-06-08 19:27:49,40.446877,-3.705917,25.18,37.04,681,AFORO BAJO,5,-67
2026-06-08 19:27:57,40.446877,-3.705917,25.19,37.07,589,AFORO BAJO,4,-66
2026-06-08 19:28:07,40.446877,-3.705917,25.19,36.96,623,AFORO BAJO,0,-100
2026-06-08 19:28:07,40.446877,-3.705917,25.19,36.96,693,AFORO BAJO,0,-100
2026-06-08 19:28:13,40.446754,-3.704553,25.21,36.87,577,AFORO BAJO,1,-72
2026-06-08 19:28:21,40.446754,-3.704553,25.21,36.87,612,AFORO BAJO,2,-64
